model,family,split,case_id,selected_label,score_mean_rel_rmse,validation_selection_value,recipe,run_root,validation_selection_split,validation_protocol,validation_scaler_fit_split,selection_manifest,leaderboard,mean_abs_peak_percent_error_Te,mean_abs_peak_percent_error_ne,mean_abs_peak_percent_error_ni,mean_abs_peak_percent_error_phi,mean_signed_peak_percent_error_Te,mean_signed_peak_percent_error_ne,mean_signed_peak_percent_error_ni,mean_signed_peak_percent_error_phi,rel_rmse_Te,rel_rmse_ne,rel_rmse_ni,rel_rmse_phi,rmse_Te,rmse_ne,rmse_ni,rmse_phi
ffno,neural_operator,interp,case_td003_pa200_pp0_5_gamma_004__steady,,0.015552129753321303,0.03729143402755107,min,runs/gec_ccp_nn_operator_comparison_v1/seed_412/n78/ffno,interp,ffno_gec_ccp_nn_operator_comparison_v1_n78_seed412,interp,reports/gec_conference_materials/model_detail_assets/selection_manifest.csv,runs/gec_ccp_nn_operator_comparison_v1/seed_412/n78/ffno/leaderboard.csv,0.12730318181494993,0.2843926222960816,0.30139409161997,0.12393435831125053,0.015029569501431202,0.023018907771564307,-0.010174332137310813,-0.07494526053487972,0.023151083147056866,0.013014783032987717,0.013685161596640377,0.012357491236600255,0.23712054774361016,48917163186739.17,51662029724105.195,0.473446624399095
ffno,neural_operator,interp,case_td016_pa200_pp0_1_gamma_004__steady,,0.01953102014280212,0.03729143402755107,min,runs/gec_ccp_nn_operator_comparison_v1/seed_412/n78/ffno,interp,ffno_gec_ccp_nn_operator_comparison_v1_n78_seed412,interp,reports/gec_conference_materials/model_detail_assets/selection_manifest.csv,runs/gec_ccp_nn_operator_comparison_v1/seed_412/n78/ffno/leaderboard.csv,0.19295107599962974,0.46682741019377477,0.49271915820047063,0.21044146652629392,-0.08327067601498242,0.1596223000049972,0.16932436795954134,0.02913469995554878,0.024609022108307073,0.02030296863931696,0.02108288455293473,0.012129205270649727,0.09631079606388132,22834864010659.355,23948047229859.797,0.2646882235448734
ffno,neural_operator,interp,case_td003_pa200_pp0_1_gamma_010__steady,,0.018628344199569803,0.03729143402755107,min,runs/gec_ccp_nn_operator_comparison_v1/seed_412/n78/ffno,interp,ffno_gec_ccp_nn_operator_comparison_v1_n78_seed412,interp,reports/gec_conference_materials/model_detail_assets/selection_manifest.csv,runs/gec_ccp_nn_operator_comparison_v1/seed_412/n78/ffno/leaderboard.csv,0.24850893875099625,0.54089433427814,0.5132498651146411,0.2564908659052091,-0.15676875063393741,0.07702965977909598,0.10934088480794206,-0.08854171029441425,0.018161859897498567,0.02192284877963894,0.020840149038906058,0.013588519082235651,0.06715041078025107,23272747197686.133,22344662962492.453,0.2952718330769839
ffno,neural_operator,interp,case_td030_pp0_1_gamma_004__steady,,0.02166744961346046,0.03729143402755107,min,runs/gec_ccp_nn_operator_comparison_v1/seed_412/n78/ffno,interp,ffno_gec_ccp_nn_operator_comparison_v1_n78_seed412,interp,reports/gec_conference_materials/model_detail_assets/selection_manifest.csv,runs/gec_ccp_nn_operator_comparison_v1/seed_412/n78/ffno/leaderboard.csv,0.22888613088346785,0.4659229786114456,0.4757400525012222,0.19297400637953616,0.19247825720758208,-0.13172703904451313,-0.08799216526366066,0.08265268575584306,0.029609037042745593,0.02248263414144397,0.02238838205723348,0.012189745212418812,0.12684227723270056,20827656811313.664,21023881809043.848,0.2616104303246951
ffno,neural_operator,interp,case_td016_pp0_1_gamma_007__steady,,0.022396047590406795,0.03729143402755107,min,runs/gec_ccp_nn_operator_comparison_v1/seed_412/n78/ffno,interp,ffno_gec_ccp_nn_operator_comparison_v1_n78_seed412,interp,reports/gec_conference_materials/model_detail_assets/selection_manifest.csv,runs/gec_ccp_nn_operator_comparison_v1/seed_412/n78/ffno/leaderboard.csv,0.3968262148724823,0.5651687395770129,0.5581113121276633,0.3009751931170933,0.28802558084266383,-0.20927547115392764,-0.17006081729629233,0.2289144619777374,0.02718541931084049,0.024093100052181245,0.023683093207939356,0.014622577790666082,0.1084740516235267,20682675621776.605,20613348859547.227,0.3102697206520574
ffno,neural_operator,interp,case_td030_pa050_pp0_1_gamma_007__steady,,0.024875269932814966,0.03729143402755107,min,runs/gec_ccp_nn_operator_comparison_v1/seed_412/n78/ffno,interp,ffno_gec_ccp_nn_operator_comparison_v1_n78_seed412,interp,reports/gec_conference_materials/model_detail_assets/selection_manifest.csv,runs/gec_ccp_nn_operator_comparison_v1/seed_412/n78/ffno/leaderboard.csv,0.184509088546809,0.7404444335268845,0.7398458051306459,0.25881068458971457,-0.11356226339896267,0.19426970212944591,0.12585030097582575,-0.11687516991263508,0.022068101968705935,0.03227216962881999,0.031214146038991815,0.013946662094742112,0.09518973591895433,22014327342017.977,21702979224252.68,0.29273151766877137
ffno,neural_operator,interp,case_td003_pp0_3_gamma_004__steady,representative,0.013877908244208089,0.03729143402755107,min,runs/gec_ccp_nn_operator_comparison_v1/seed_412/n78/ffno,interp,ffno_gec_ccp_nn_operator_comparison_v1_n78_seed412,interp,reports/gec_conference_materials/model_detail_assets/selection_manifest.csv,runs/gec_ccp_nn_operator_comparison_v1/seed_412/n78/ffno/leaderboard.csv,0.14345928529618493,0.3269986619168062,0.3216941628043255,0.11548757939605184,0.07478341533592092,0.11175892146629637,0.13077903716904307,0.06099960057752885,0.01982791929110661,0.013268275189992795,0.012875562131701377,0.009539876364031575,0.12657487174418292,26199349169861.902,25618100984815.664,0.27148349674997535
ffno,neural_operator,interp,case_td016_pa200_pp0_5_gamma_010__steady,,0.016772461189497264,0.03729143402755107,min,runs/gec_ccp_nn_operator_comparison_v1/seed_412/n78/ffno,interp,ffno_gec_ccp_nn_operator_comparison_v1_n78_seed412,interp,reports/gec_conference_materials/model_detail_assets/selection_manifest.csv,runs/gec_ccp_nn_operator_comparison_v1/seed_412/n78/ffno/leaderboard.csv,0.12347620732310233,0.23621833851218538,0.24414123080801925,0.06854413822140569,-0.05278646727796501,0.05465591088085702,0.04432068705387426,0.0012353299600729507,0.03154535522564256,0.012193323489915798,0.01268593282614649,0.01066523321628421,0.3583603026497191,48220843916146.29,50383126433290.16,0.42677374683191327
ffno,neural_operator,interp,case_td016_pa200_pp0_3_gamma_010__steady,,0.014495093424603653,0.03729143402755107,min,runs/gec_ccp_nn_operator_comparison_v1/seed_412/n78/ffno,interp,ffno_gec_ccp_nn_operator_comparison_v1_n78_seed412,interp,reports/gec_conference_materials/model_detail_assets/selection_manifest.csv,runs/gec_ccp_nn_operator_comparison_v1/seed_412/n78/ffno/leaderboard.csv,0.12811169879991144,0.2315035852072228,0.23769153292755868,0.07858882282260025,-0.0543629246458548,-0.0044924605847079645,-0.031236305497769803,-0.02777674746975016,0.025991838160100464,0.011274424650340556,0.011573555999355927,0.00914055488861767,0.20002057123474593,30800748727967.836,31792235874656.645,0.28907907495074625
ffno,neural_operator,interp,case_td030_pa200_pp0_1_gamma_004__steady,,0.023376675732743928,0.03729143402755107,min,runs/gec_ccp_nn_operator_comparison_v1/seed_412/n78/ffno,interp,ffno_gec_ccp_nn_operator_comparison_v1_n78_seed412,interp,reports/gec_conference_materials/model_detail_assets/selection_manifest.csv,runs/gec_ccp_nn_operator_comparison_v1/seed_412/n78/ffno/leaderboard.csv,0.12833110485645402,0.48270896707633953,0.4806346367540955,0.2019635093919833,-0.01693410069817166,-0.013430579996927466,0.03406036311255717,-0.0326335240993812,0.033389312670843184,0.02277578720700577,0.022854753866491846,0.014486849186634912,0.14384295397975477,27718786411577.566,28086465187677.887,0.32172181461945326
ffno,neural_operator,interp,case_td030_pa200_pp0_5_gamma_004__steady,,0.020185554853173426,0.03729143402755107,min,runs/gec_ccp_nn_operator_comparison_v1/seed_412/n78/ffno,interp,ffno_gec_ccp_nn_operator_comparison_v1_n78_seed412,interp,reports/gec_conference_materials/model_detail_assets/selection_manifest.csv,runs/gec_ccp_nn_operator_comparison_v1/seed_412/n78/ffno/leaderboard.csv,0.07209327975684077,0.20816437946357375,0.20839475764365695,0.06649962395590625,-0.008062594635629172,0.01964983018847621,0.009492430678385632,0.02927922042913432,0.04507571666319155,0.013050758905548632,0.013001550440404278,0.009614193403549237,0.5714993282721709,55145058749884.6,55160454083937.24,0.4077800984908576
ffno,neural_operator,interp,case_td003_pa050_pp0_3_gamma_010__steady,,0.015947386214556766,0.03729143402755107,min,runs/gec_ccp_nn_operator_comparison_v1/seed_412/n78/ffno,interp,ffno_gec_ccp_nn_operator_comparison_v1_n78_seed412,interp,reports/gec_conference_materials/model_detail_assets/selection_manifest.csv,runs/gec_ccp_nn_operator_comparison_v1/seed_412/n78/ffno/leaderboard.csv,0.17863838742845617,0.44430285736615055,0.4319095464555697,0.14236058134779364,-0.11854620306876702,-0.058170915904932154,-0.042955636768202576,-0.05275845310915043,0.017906376459756245,0.017632543876254445,0.01729571903213989,0.01095490549007648,0.10606990169767092,25920538395165.547,25692557078549.965,0.29303595616840483
ffno,neural_operator,interp,case_td003_pp0_5_gamma_007__steady,,0.012075716753533859,0.03729143402755107,min,runs/gec_ccp_nn_operator_comparison_v1/seed_412/n78/ffno,interp,ffno_gec_ccp_nn_operator_comparison_v1_n78_seed412,interp,reports/gec_conference_materials/model_detail_assets/selection_manifest.csv,runs/gec_ccp_nn_operator_comparison_v1/seed_412/n78/ffno/leaderboard.csv,0.1149710086096635,0.2478283762549786,0.24078628072429878,0.08290301652531643,0.04617903464718105,-0.04812114575834275,-0.017131044344093255,0.016924640211640404,0.01731616114907488,0.011379646886284026,0.010485612931905829,0.009121446046870698,0.1539169556661765,32655815679827.293,30267985699381.355,0.3177411024227496
deeponet_pod,pod_operator,interp,case_td003_pa200_pp0_5_gamma_004__steady,,0.025370261799530388,0.057746245110952284,min,runs/gec_ccp_pod_branch_tuned_v2/final/seed_412/n78/deeponet_pod,interp,pod_branch_tuned_v2_final_three_seed_n78_seed412,interp,reports/gec_conference_materials/model_detail_assets/selection_manifest.csv,runs/gec_ccp_pod_branch_tuned_v2/final/seed_412/n78/deeponet_pod/leaderboard.csv,0.1082956895458844,0.29468312852298095,0.2727800778736922,0.08422720669445917,-0.030601372072747227,0.07750374388386547,0.10955922112043039,-0.037769071624736736,0.047086786532713025,0.01808009863795397,0.016326438234200845,0.019987723793253708,0.4822774184344271,67955580455197.414,61632954158985.97,0.7657800582783096
deeponet_pod,pod_operator,interp,case_td016_pa200_pp0_1_gamma_004__steady,,0.034613065456590944,0.057746245110952284,min,runs/gec_ccp_pod_branch_tuned_v2/final/seed_412/n78/deeponet_pod,interp,pod_branch_tuned_v2_final_three_seed_n78_seed412,interp,reports/gec_conference_materials/model_detail_assets/selection_manifest.csv,runs/gec_ccp_pod_branch_tuned_v2/final/seed_412/n78/deeponet_pod/leaderboard.csv,0.19328231204276225,0.3925611627775595,0.8167225711814251,0.07422378930419524,-0.1455050358258961,-0.3748176390517076,-0.8046742508441498,0.05345507629315477,0.06056472842799057,0.021496960044102176,0.042131359861758026,0.014259213492512994,0.237028402941844,24177752917327.33,47857009001510.336,0.3111700894050562
deeponet_pod,pod_operator,interp,case_td003_pa200_pp0_1_gamma_010__steady,,0.056284889805483435,0.057746245110952284,min,runs/gec_ccp_pod_branch_tuned_v2/final/seed_412/n78/deeponet_pod,interp,pod_branch_tuned_v2_final_three_seed_n78_seed412,interp,reports/gec_conference_materials/model_detail_assets/selection_manifest.csv,runs/gec_ccp_pod_branch_tuned_v2/final/seed_412/n78/deeponet_pod/leaderboard.csv,0.39980262283759826,1.0643029249534746,1.3507869194940127,0.3573577265275642,-0.20875762072303122,0.2837955542155878,0.741434001728046,0.2003318189665957,0.08979478019460026,0.04949164408347468,0.053802281481335174,0.03205085346252361,0.33200104009282877,52539089820403.1,57686432283628.68,0.6964492742945853
deeponet_pod,pod_operator,interp,case_td030_pp0_1_gamma_004__steady,,0.025949326563160766,0.057746245110952284,min,runs/gec_ccp_pod_branch_tuned_v2/final/seed_412/n78/deeponet_pod,interp,pod_branch_tuned_v2_final_three_seed_n78_seed412,interp,reports/gec_conference_materials/model_detail_assets/selection_manifest.csv,runs/gec_ccp_pod_branch_tuned_v2/final/seed_412/n78/deeponet_pod/leaderboard.csv,0.26451177219513683,0.6997912703417584,0.3853426698360679,0.18089118419852268,0.2001808205774165,0.6580406950179948,0.3005666456974321,0.10983395594435187,0.0352828021421338,0.03722121527034457,0.02096230463204319,0.010330984208121506,0.1511481431968942,34481310903054.805,19684719239765.668,0.22171859848315903
deeponet_pod,pod_operator,interp,case_td016_pp0_1_gamma_007__steady,,0.04387330540317214,0.057746245110952284,min,runs/gec_ccp_pod_branch_tuned_v2/final/seed_412/n78/deeponet_pod,interp,pod_branch_tuned_v2_final_three_seed_n78_seed412,interp,reports/gec_conference_materials/model_detail_assets/selection_manifest.csv,runs/gec_ccp_pod_branch_tuned_v2/final/seed_412/n78/deeponet_pod/leaderboard.csv,0.41687880300797453,0.6373015900480226,0.7823387195334428,0.16333468575219134,0.25971213621608785,0.33860017574965795,0.49551697507048453,0.12306065625762969,0.060151381538473186,0.04356556175007007,0.053399556725481426,0.018376721598663888,0.24001336862326522,37398773092946.24,46478037394140.91,0.3899271632227268
deeponet_pod,pod_operator,interp,case_td030_pa050_pp0_1_gamma_007__steady,,0.03495816549286314,0.057746245110952284,min,runs/gec_ccp_pod_branch_tuned_v2/final/seed_412/n78/deeponet_pod,interp,pod_branch_tuned_v2_final_three_seed_n78_seed412,interp,reports/gec_conference_materials/model_detail_assets/selection_manifest.csv,runs/gec_ccp_pod_branch_tuned_v2/final/seed_412/n78/deeponet_pod/leaderboard.csv,0.16316881998965144,1.3072980081907666,0.4226060922065302,0.1319629459302987,-0.09309746041015521,-1.199612904021389,-0.21212682144413506,-0.053284502776318465,0.03637447041129315,0.06275424100839548,0.025605912198131603,0.015098038353632322,0.15689959370102782,42807546550108.41,17803613136168.88,0.31689816897093415
deeponet_pod,pod_operator,interp,case_td003_pp0_3_gamma_004__steady,representative,0.02344149595080014,0.057746245110952284,min,runs/gec_ccp_pod_branch_tuned_v2/final/seed_412/n78/deeponet_pod,interp,pod_branch_tuned_v2_final_three_seed_n78_seed412,interp,reports/gec_conference_materials/model_detail_assets/selection_manifest.csv,runs/gec_ccp_pod_branch_tuned_v2/final/seed_412/n78/deeponet_pod/leaderboard.csv,0.2079999182026293,0.4524267568183371,0.4505474141427005,0.06370544958248865,0.13819084339985016,-0.17013891184440208,-0.14259537169868472,-0.03442456591866336,0.03902288725979877,0.021108388960168558,0.021099852473188463,0.012534855110044757,0.24910919181581317,41680327311707.99,41981712789997.45,0.35671387832233176
deeponet_pod,pod_operator,interp,case_td016_pa200_pp0_5_gamma_010__steady,,0.017214293613004864,0.057746245110952284,min,runs/gec_ccp_pod_branch_tuned_v2/final/seed_412/n78/deeponet_pod,interp,pod_branch_tuned_v2_final_three_seed_n78_seed412,interp,reports/gec_conference_materials/model_detail_assets/selection_manifest.csv,runs/gec_ccp_pod_branch_tuned_v2/final/seed_412/n78/deeponet_pod/leaderboard.csv,0.10267323045821378,0.1503588731018477,0.19563616385990795,0.04814488654425245,-0.0502371700086842,-0.006657399897901244,0.1785364464246156,0.025313715964502517,0.03474152643171385,0.009777529378319286,0.009888926088083994,0.014449192553902323,0.39466932096747664,38667121267421.16,39274605991804.1,0.5781904548987546
deeponet_pod,pod_operator,interp,case_td016_pa200_pp0_3_gamma_010__steady,,0.0176183351709377,0.057746245110952284,min,runs/gec_ccp_pod_branch_tuned_v2/final/seed_412/n78/deeponet_pod,interp,pod_branch_tuned_v2_final_three_seed_n78_seed412,interp,reports/gec_conference_materials/model_detail_assets/selection_manifest.csv,runs/gec_ccp_pod_branch_tuned_v2/final/seed_412/n78/deeponet_pod/leaderboard.csv,0.1485575687318103,0.3902556130439666,0.30471081687674445,0.07398139037104665,-0.08706427076084972,-0.3808761652409271,-0.29387286148954517,-0.04934456272859829,0.024187714833658884,0.0209555662919365,0.017233753606819013,0.008096305951336397,0.18613691375311672,57248786685599.3,47340641001278.74,0.2560536710790977
deeponet_pod,pod_operator,interp,case_td030_pa200_pp0_1_gamma_004__steady,,0.041957652069509715,0.057746245110952284,min,runs/gec_ccp_pod_branch_tuned_v2/final/seed_412/n78/deeponet_pod,interp,pod_branch_tuned_v2_final_three_seed_n78_seed412,interp,reports/gec_conference_materials/model_detail_assets/selection_manifest.csv,runs/gec_ccp_pod_branch_tuned_v2/final/seed_412/n78/deeponet_pod/leaderboard.csv,0.1296416679683268,0.650352701305605,0.685413917299151,0.10188026124870618,0.013464997009760287,0.618116651655759,-0.478966805437998,0.024639380125386925,0.0692526798178966,0.04856859432407974,0.028394376188859243,0.021614957947203268,0.29834426764702954,59109372604500.73,34894169633717.395,0.4800218048872174
deeponet_pod,pod_operator,interp,case_td030_pa200_pp0_5_gamma_004__steady,,0.013778202975927193,0.057746245110952284,min,runs/gec_ccp_pod_branch_tuned_v2/final/seed_412/n78/deeponet_pod,interp,pod_branch_tuned_v2_final_three_seed_n78_seed412,interp,reports/gec_conference_materials/model_detail_assets/selection_manifest.csv,runs/gec_ccp_pod_branch_tuned_v2/final/seed_412/n78/deeponet_pod/leaderboard.csv,0.03098410687265352,0.2393192650071638,0.14192638428864415,0.033003063485212744,0.003017003978446861,0.2280261654775601,0.08786594685566422,0.014821166614884734,0.01991899949523383,0.017372997344151812,0.009689214269934503,0.008131600794388625,0.2525460641355853,73408371585006.05,41107517237731.29,0.3448968450749086
deeponet_pod,pod_operator,interp,case_td003_pa050_pp0_3_gamma_010__steady,,0.020222173970153835,0.057746245110952284,min,runs/gec_ccp_pod_branch_tuned_v2/final/seed_412/n78/deeponet_pod,interp,pod_branch_tuned_v2_final_three_seed_n78_seed412,interp,reports/gec_conference_materials/model_detail_assets/selection_manifest.csv,runs/gec_ccp_pod_branch_tuned_v2/final/seed_412/n78/deeponet_pod/leaderboard.csv,0.20768628900265582,0.3273835708300651,0.46463557877470635,0.11422333462910349,-0.07071791146358701,0.23344492825811067,0.4011634741556986,-0.09380459856017849,0.02831136970382386,0.016681155832366526,0.022705522496051476,0.013190647848373486,0.16770473960268195,24521960260702.016,33728747075739.65,0.3528404793843503
deeponet_pod,pod_operator,interp,case_td003_pp0_5_gamma_007__steady,,0.01619193448600735,0.057746245110952284,min,runs/gec_ccp_pod_branch_tuned_v2/final/seed_412/n78/deeponet_pod,interp,pod_branch_tuned_v2_final_three_seed_n78_seed412,interp,reports/gec_conference_materials/model_detail_assets/selection_manifest.csv,runs/gec_ccp_pod_branch_tuned_v2/final/seed_412/n78/deeponet_pod/leaderboard.csv,0.16916184619590527,0.302954570187542,0.335114630884337,0.056382103786692235,0.05229995547233917,-0.292912691814802,-0.3220631329959602,0.03278938466288227,0.023420684958012465,0.015737409363424368,0.016333745170372446,0.009275898452220118,0.20817781131278515,45161149953554.67,47149324359459.63,0.32312137626259835
global_mlp,vector_nn,interp,case_td003_pa200_pp0_5_gamma_004__steady,,0.10584238837699746,0.4306088020516923,min,runs/gec_ccp_nn_operator_comparison_v1/seed_412/n78/global_mlp,interp,global_mlp_gec_ccp_nn_operator_comparison_v1_n78_seed412,interp,reports/gec_conference_materials/model_detail_assets/selection_manifest.csv,runs/gec_ccp_nn_operator_comparison_v1/seed_412/n78/global_mlp/leaderboard.csv,0.49587822535888365,1.7045871505373553,1.7098654224114038,0.48180162366994356,-0.17884042529778438,-0.6316193412503482,-0.6332060546682837,-0.265086720711206,0.15172019478495433,0.07756977071942188,0.07599010030392238,0.11808948769969123,1.5539651195866022,291552546286960.7,286865653205201.0,4.524305804308121
global_mlp,vector_nn,interp,case_td016_pa200_pp0_1_gamma_004__steady,,0.49433452830903424,0.4306088020516923,min,runs/gec_ccp_nn_operator_comparison_v1/seed_412/n78/global_mlp,interp,global_mlp_gec_ccp_nn_operator_comparison_v1_n78_seed412,interp,reports/gec_conference_materials/model_detail_assets/selection_manifest.csv,runs/gec_ccp_nn_operator_comparison_v1/seed_412/n78/global_mlp/leaderboard.csv,2.807816878388851,7.545202957083744,7.569117137395336,1.869313389764844,1.0674986146182799,-6.608783656310257,-6.76409302287401,-0.443255151272355,0.8620493439408496,0.3406310190038597,0.3309869009636671,0.44367084932776046,3.373748790012419,383109639528416.2,375967999864585.06,9.681957418214218
global_mlp,vector_nn,interp,case_td003_pa200_pp0_1_gamma_010__steady,,0.5007670662424442,0.4306088020516923,min,runs/gec_ccp_nn_operator_comparison_v1/seed_412/n78/global_mlp,interp,global_mlp_gec_ccp_nn_operator_comparison_v1_n78_seed412,interp,reports/gec_conference_materials/model_detail_assets/selection_manifest.csv,runs/gec_ccp_nn_operator_comparison_v1/seed_412/n78/global_mlp/leaderboard.csv,2.168726068804638,15.439074262163222,15.630727581714728,2.3834861930924136,0.6962111010899495,15.355080768418226,15.606892531244924,0.7463573661720827,0.4238554381390351,0.687544696360302,0.680483945092352,0.21118418537808753,1.5671339247804452,729880229815949.8,729610156630337.5,4.588928429660655
global_mlp,vector_nn,interp,case_td030_pp0_1_gamma_004__steady,,0.1978928125877162,0.4306088020516923,min,runs/gec_ccp_nn_operator_comparison_v1/seed_412/n78/global_mlp,interp,global_mlp_gec_ccp_nn_operator_comparison_v1_n78_seed412,interp,reports/gec_conference_materials/model_detail_assets/selection_manifest.csv,runs/gec_ccp_nn_operator_comparison_v1/seed_412/n78/global_mlp/leaderboard.csv,0.6661283112668395,4.1490722754295435,4.127975756443784,0.5271289097835644,0.2820580241773677,-3.871689227516203,-3.8893196550992086,-0.06189567085573249,0.25520112119481053,0.19535133047814263,0.18925646770432208,0.15176233097358957,1.0932571470648047,180971252889451.53,177721891579353.47,3.257049923621938
global_mlp,vector_nn,interp,case_td016_pp0_1_gamma_007__steady,,0.4226351621227329,0.4306088020516923,min,runs/gec_ccp_nn_operator_comparison_v1/seed_412/n78/global_mlp,interp,global_mlp_gec_ccp_nn_operator_comparison_v1_n78_seed412,interp,reports/gec_conference_materials/model_detail_assets/selection_manifest.csv,runs/gec_ccp_nn_operator_comparison_v1/seed_412/n78/global_mlp/leaderboard.csv,1.7361455245783575,11.123218524645518,11.184394889179472,1.158662043380285,1.6733859956858526,10.992917510639838,11.085479164909602,0.20042723216835295,0.3462518590175866,0.6175573759971819,0.6089060093596672,0.117825404116496,1.381598775444989,530140947321923.2,529981108607799.6,2.5000827996467594
global_mlp,vector_nn,interp,case_td030_pa050_pp0_1_gamma_007__steady,,0.5625910670375899,0.4306088020516923,min,runs/gec_ccp_nn_operator_comparison_v1/seed_412/n78/global_mlp,interp,global_mlp_gec_ccp_nn_operator_comparison_v1_n78_seed412,interp,reports/gec_conference_materials/model_detail_assets/selection_manifest.csv,runs/gec_ccp_nn_operator_comparison_v1/seed_412/n78/global_mlp/leaderboard.csv,1.637806803264414,10.502107119100588,10.56909768563683,1.5508160988089488,0.31603702940290135,4.996231266487127,5.050193219090477,-0.7694785600575678,0.5321262886035815,0.7198217947501492,0.6996921916961151,0.29872399310051373,2.295302104346696,491023466962610.7,486491127477376.4,6.270025563848432
global_mlp,vector_nn,interp,case_td003_pp0_3_gamma_004__steady,representative,0.2177725017232235,0.4306088020516923,min,runs/gec_ccp_nn_operator_comparison_v1/seed_412/n78/global_mlp,interp,global_mlp_gec_ccp_nn_operator_comparison_v1_n78_seed412,interp,reports/gec_conference_materials/model_detail_assets/selection_manifest.csv,runs/gec_ccp_nn_operator_comparison_v1/seed_412/n78/global_mlp/leaderboard.csv,0.9750181949456083,4.786852869987311,4.861156692975529,0.3901804273721942,-0.17876100442990933,-4.780817227770066,-4.856185079667174,0.1442465042408825,0.20709600731158698,0.2807880507999441,0.2783185048792518,0.10488744390211116,1.3220323413336588,554440127318210.4,553761574912879.25,2.9848615379411823
global_mlp,vector_nn,interp,case_td016_pa200_pp0_5_gamma_010__steady,,0.24215031813017282,0.4306088020516923,min,runs/gec_ccp_nn_operator_comparison_v1/seed_412/n78/global_mlp,interp,global_mlp_gec_ccp_nn_operator_comparison_v1_n78_seed412,interp,reports/gec_conference_materials/model_detail_assets/selection_manifest.csv,runs/gec_ccp_nn_operator_comparison_v1/seed_412/n78/global_mlp/leaderboard.csv,1.0594213264349528,2.4030827197372,2.419233037641166,0.5557578309539496,0.5876406259349091,1.2910031968601847,1.3001552424261564,-0.20866935418919597,0.33515915742563,0.19719628382993945,0.19530990368560122,0.24093592757952054,3.807461866628167,779850647878879.2,775687819407639.9,9.641151437976616
global_mlp,vector_nn,interp,case_td016_pa200_pp0_3_gamma_010__steady,,0.16658768909059904,0.4306088020516923,min,runs/gec_ccp_nn_operator_comparison_v1/seed_412/n78/global_mlp,interp,global_mlp_gec_ccp_nn_operator_comparison_v1_n78_seed412,interp,reports/gec_conference_materials/model_detail_assets/selection_manifest.csv,runs/gec_ccp_nn_operator_comparison_v1/seed_412/n78/global_mlp/leaderboard.csv,0.8579736652767249,2.277422422120623,2.2727846712959794,0.3749288170018005,0.33801926662028,-2.125556489379593,-2.138136844288521,0.0018710673474087438,0.2710332110571558,0.11570209559705663,0.1135077336951309,0.16610771601305283,2.085740045213879,316088074053216.5,311802581975162.75,5.253320555738865
global_mlp,vector_nn,interp,case_td030_pa200_pp0_1_gamma_004__steady,,0.15624239965692185,0.4306088020516923,min,runs/gec_ccp_nn_operator_comparison_v1/seed_412/n78/global_mlp,interp,global_mlp_gec_ccp_nn_operator_comparison_v1_n78_seed412,interp,reports/gec_conference_materials/model_detail_assets/selection_manifest.csv,runs/gec_ccp_nn_operator_comparison_v1/seed_412/n78/global_mlp/leaderboard.csv,1.0720208399676079,1.6781377731426301,1.8148740705635145,0.6942293476452532,0.9445945727210688,0.40725132817775894,0.30993736741431827,0.12780206305542388,0.30328521534757735,0.10193454035174486,0.10337993867707278,0.11636990425129248,1.306569012188052,124057259856345.78,127044774392207.1,2.584325706749097
global_mlp,vector_nn,interp,case_td030_pa200_pp0_5_gamma_004__steady,,0.13009771526160144,0.4306088020516923,min,runs/gec_ccp_nn_operator_comparison_v1/seed_412/n78/global_mlp,interp,global_mlp_gec_ccp_nn_operator_comparison_v1_n78_seed412,interp,reports/gec_conference_materials/model_detail_assets/selection_manifest.csv,runs/gec_ccp_nn_operator_comparison_v1/seed_412/n78/global_mlp/leaderboard.csv,0.3354895994762454,1.7316074484313841,1.7477339246152725,0.23139741979771938,-0.28420429522503154,-1.7193662781931391,-1.732979090650128,0.06412469601985935,0.13943671540162705,0.15050595323469257,0.14982985651058411,0.08061833589950206,1.7678696000319007,635952260968198.6,635669027193190.1,3.4193771201993717
global_mlp,vector_nn,interp,case_td003_pa050_pp0_3_gamma_010__steady,,0.13172188468662643,0.4306088020516923,min,runs/gec_ccp_nn_operator_comparison_v1/seed_412/n78/global_mlp,interp,global_mlp_gec_ccp_nn_operator_comparison_v1_n78_seed412,interp,reports/gec_conference_materials/model_detail_assets/selection_manifest.csv,runs/gec_ccp_nn_operator_comparison_v1/seed_412/n78/global_mlp/leaderboard.csv,0.6397493623410055,3.1561459171960773,3.18088501684218,0.6071873830598569,-0.2706242183512654,-0.31062808893082827,-0.3651894445881053,-0.3273859661668037,0.1540614614026701,0.14059958039177492,0.13761415655761697,0.09461234039444379,0.9125958064774871,206686956089022.6,204423971365568.62,2.530813036947786
global_mlp,vector_nn,interp,case_td003_pp0_5_gamma_007__steady,,0.08336189694987288,0.4306088020516923,min,runs/gec_ccp_nn_operator_comparison_v1/seed_412/n78/global_mlp,interp,global_mlp_gec_ccp_nn_operator_comparison_v1_n78_seed412,interp,reports/gec_conference_materials/model_detail_assets/selection_manifest.csv,runs/gec_ccp_nn_operator_comparison_v1/seed_412/n78/global_mlp/leaderboard.csv,0.5591242541851993,1.757312535619014,1.7752244526151006,0.20579811845062831,0.2070849342604564,-1.7421620995959897,-1.7629335366230199,0.08995909360321529,0.09072945047556194,0.09224208657223296,0.09143077949552689,0.059045271256169686,0.8064605478223847,264704222119245.9,263925966390874.6,2.0568130848312185
