method,trial,PP0,PA,gamma,best_PP0,best_PA,best_gamma,loss,best_loss,feasible
cmaes,1,3.0,0.125,0.07,3.0,0.125,0.07,0.5628434392461068,0.5628434392461068,True
cmaes,2,3.0385115401339853,0.12453438553011704,0.06292165383871198,3.0,0.125,0.07,0.5759107526504944,0.5628434392461068,True
cmaes,3,3.095106479751007,0.12676297593878494,0.05198539673826906,3.0,0.125,0.07,0.6117606298244667,0.5628434392461068,True
cmaes,4,2.681907748038938,0.0966930507253545,0.05369049153380695,2.681907748038938,0.0966930507253545,0.05369049153380695,0.2518217127850689,0.2518217127850689,True
cmaes,5,1.39906757770057,0.10708571455491978,0.08321926455690407,2.681907748038938,0.0966930507253545,0.05369049153380695,0.26397464384723934,0.2518217127850689,True
cmaes,6,3.8213443947221903,0.09998794630058615,0.07143788299035572,2.681907748038938,0.0966930507253545,0.05369049153380695,0.7014847171791495,0.2518217127850689,True
cmaes,7,2.1490845097873446,0.19213361987123828,0.0518639525692173,2.681907748038938,0.0966930507253545,0.05369049153380695,0.3951766501313557,0.2518217127850689,True
cmaes,8,2.9483178791950735,0.10659300663522983,0.08291539993535939,2.681907748038938,0.0966930507253545,0.05369049153380695,0.428064111318193,0.2518217127850689,True
cmaes,9,2.6285141553110476,0.09295955105421114,0.06725461739330917,2.6285141553110476,0.09295955105421114,0.06725461739330917,0.20876561567667842,0.20876561567667842,True
cmaes,10,2.6942601971173263,0.14029102315727798,0.07697689398182711,2.6285141553110476,0.09295955105421114,0.06725461739330917,0.5026589963338403,0.20876561567667842,True
cmaes,11,3.1355249650657333,0.13878534797281944,0.06288956250087,2.6285141553110476,0.09295955105421114,0.06725461739330917,0.6993775611227452,0.20876561567667842,True
cmaes,12,1.4401518692437132,0.0758264278663007,0.061212232726855,2.6285141553110476,0.09295955105421114,0.06725461739330917,0.36321205884092556,0.20876561567667842,True
cmaes,13,3.553640654960058,0.12312679288700346,0.054710418862625676,2.6285141553110476,0.09295955105421114,0.06725461739330917,0.7787024423653004,0.20876561567667842,True
cmaes,14,1.5307962155708472,0.12207236538896293,0.05429271382148669,1.5307962155708472,0.12207236538896293,0.05429271382148669,0.16400759322292413,0.16400759322292413,True
cmaes,15,3.108312235889906,0.08540948657101044,0.06216787987710834,1.5307962155708472,0.12207236538896293,0.05429271382148669,0.3343706655726217,0.16400759322292413,True
cmaes,16,3.4242618155756848,0.08030434972330036,0.06635452445658992,1.5307962155708472,0.12207236538896293,0.05429271382148669,0.4008283049290822,0.16400759322292413,True
cmaes,17,2.8607931586617914,0.14889020585566073,0.07831720339920534,1.5307962155708472,0.12207236538896293,0.05429271382148669,0.623613599858156,0.16400759322292413,True
cmaes,18,4.497763507669047,0.1167503580968552,0.07418996840799386,1.5307962155708472,0.12207236538896293,0.05429271382148669,1.0593516414645325,0.16400759322292413,True
cmaes,19,1.746996893242778,0.1962510184291551,0.05814647235839683,1.5307962155708472,0.12207236538896293,0.05429271382148669,0.1816728638387282,0.16400759322292413,True
cmaes,20,1.3220772048769676,0.06883415235087229,0.05386573398077691,1.5307962155708472,0.12207236538896293,0.05429271382148669,0.43102864159958826,0.16400759322292413,True
cmaes,21,1.1394680193593192,0.12015936381692216,0.046530612049491826,1.5307962155708472,0.12207236538896293,0.05429271382148669,0.341022883906636,0.16400759322292413,True
cmaes,22,2.5172962291223073,0.11708155613632262,0.05040122264027967,1.5307962155708472,0.12207236538896293,0.05429271382148669,0.29977585442335364,0.16400759322292413,True
cmaes,23,1.0493246365164137,0.17377843041549812,0.046797407127093786,1.5307962155708472,0.12207236538896293,0.05429271382148669,0.2718809623801674,0.16400759322292413,True
cmaes,24,1.1076233728672091,0.11740075342085249,0.07110861347418317,1.5307962155708472,0.12207236538896293,0.05429271382148669,0.3581849198718516,0.16400759322292413,True
cmaes,25,4.302886474366873,0.09221443145649996,0.09634561590597131,1.5307962155708472,0.12207236538896293,0.05429271382148669,0.7805304535842321,0.16400759322292413,True
cmaes,26,3.5674354299682207,0.1394406641767521,0.06416211019995056,1.5307962155708472,0.12207236538896293,0.05429271382148669,0.8900008555647435,0.16400759322292413,True
cmaes,27,1.455301486007134,0.13920080305526134,0.047807146156831286,1.455301486007134,0.13920080305526134,0.047807146156831286,0.1523144210441037,0.1523144210441037,True
cmaes,28,2.8529255007522836,0.11069659193044863,0.05621424720111007,1.455301486007134,0.13920080305526134,0.047807146156831286,0.41128027746305307,0.1523144210441037,True
cmaes,29,1.2344679088889703,0.19892803695396394,0.045508177949384034,1.2344679088889703,0.19892803695396394,0.045508177949384034,0.13515193988541196,0.13515193988541196,True
cmaes,30,1.1788012920323112,0.1409938142573366,0.06373612060088943,1.2344679088889703,0.19892803695396394,0.045508177949384034,0.273659677805018,0.13515193988541196,True
cmaes,31,2.3490482235598376,0.14271853067877555,0.07222941067604241,1.2344679088889703,0.19892803695396394,0.045508177949384034,0.34167032984174683,0.13515193988541196,True
cmaes,32,1.2548245838943872,0.1665579359923651,0.04902628496564598,1.2344679088889703,0.19892803695396394,0.045508177949384034,0.18603884104991686,0.13515193988541196,True
cmaes,33,3.0082916187348996,0.13497929518167162,0.06908516965434311,1.2344679088889703,0.19892803695396394,0.045508177949384034,0.6222933395662619,0.13515193988541196,True
cmaes,34,1.5277352397447868,0.13605135401913526,0.06902203252957034,1.5277352397447868,0.13605135401913526,0.06902203252957034,0.1252569787606175,0.1252569787606175,True
cmaes,35,1.964029291731859,0.1679654286010303,0.04828862183809464,1.5277352397447868,0.13605135401913526,0.06902203252957034,0.22298985104463764,0.1252569787606175,True
cmaes,36,1.934303889415943,0.08485246386192376,0.0449717719395461,1.5277352397447868,0.13605135401913526,0.06902203252957034,0.14299610813070743,0.1252569787606175,True
cmaes,37,1.6021019120775415,0.1595565612126052,0.05800391641701079,1.6021019120775415,0.1595565612126052,0.05800391641701079,0.06380498977807818,0.06380498977807818,True
cmaes,38,1.847732568366323,0.1840669473454113,0.0728610573335027,1.6021019120775415,0.1595565612126052,0.05800391641701079,0.20861794218325513,0.06380498977807818,True
cmaes,39,1.399399494557965,0.13855593126081267,0.06642426918291869,1.6021019120775415,0.1595565612126052,0.05800391641701079,0.17710281349663418,0.06380498977807818,True
cmaes,40,1.6924255942477393,0.08583893578218951,0.05858092416801046,1.6021019120775415,0.1595565612126052,0.05800391641701079,0.22841952701975027,0.06380498977807818,True
cmaes,41,1.0273614091948882,0.11833606599385849,0.07914194497034256,1.6021019120775415,0.1595565612126052,0.05800391641701079,0.3879669144075632,0.06380498977807818,True
cmaes,42,1.706369162833624,0.10470878170211773,0.08284448257913461,1.6021019120775415,0.1595565612126052,0.05800391641701079,0.14380474956564665,0.06380498977807818,True
cmaes,43,2.809298247851245,0.09896145698442935,0.0614963970801329,1.6021019120775415,0.1595565612126052,0.05800391641701079,0.3188331958622374,0.06380498977807818,True
cmaes,44,1.4984945336521591,0.09982705518698061,0.0636441760892837,1.6021019120775415,0.1595565612126052,0.05800391641701079,0.2494489358357151,0.06380498977807818,True
cmaes,45,2.812784685671206,0.13975097346668905,0.06441691072131736,1.6021019120775415,0.1595565612126052,0.05800391641701079,0.5550770630590828,0.06380498977807818,True
cmaes,46,1.7197628092075878,0.09468830646598908,0.04897215950406117,1.6021019120775415,0.1595565612126052,0.05800391641701079,0.18140818807128847,0.06380498977807818,True
cmaes,47,1.1359551498323868,0.09237239843618722,0.045095029309324304,1.6021019120775415,0.1595565612126052,0.05800391641701079,0.4168114269325218,0.06380498977807818,True
cmaes,48,2.4893252728239004,0.0866922408234588,0.09960364443922046,1.6021019120775415,0.1595565612126052,0.05800391641701079,0.12062355962801326,0.06380498977807818,True
cmaes,49,1.3455855054821932,0.14288578304526117,0.0706525203530151,1.6021019120775415,0.1595565612126052,0.05800391641701079,0.191145345883165,0.06380498977807818,True
cmaes,50,2.2009433826485303,0.11104495974983428,0.06260704691602748,1.6021019120775415,0.1595565612126052,0.05800391641701079,0.13247625345108183,0.06380498977807818,True
cmaes,51,1.0091257979985722,0.16362050897999517,0.07351623152257625,1.6021019120775415,0.1595565612126052,0.05800391641701079,0.30637979938774373,0.06380498977807818,True
cmaes,52,1.7403826058801717,0.057589072016357094,0.07943848743378149,1.6021019120775415,0.1595565612126052,0.05800391641701079,0.3444269043370425,0.06380498977807818,True
cmaes,53,1.7947698496945153,0.13369091349968,0.09419607918404097,1.6021019120775415,0.1595565612126052,0.05800391641701079,0.0648604791335014,0.06380498977807818,True
cmaes,54,1.6355820387558226,0.12387369623804019,0.06184217046617735,1.6021019120775415,0.1595565612126052,0.05800391641701079,0.11296084164678567,0.06380498977807818,True
cmaes,55,1.4362873020442368,0.18284130272282428,0.08493840306590357,1.6021019120775415,0.1595565612126052,0.05800391641701079,0.0756864189482879,0.06380498977807818,True
cmaes,56,1.7592130594851878,0.1393786168226162,0.09412115612567307,1.6021019120775415,0.1595565612126052,0.05800391641701079,0.06582358803311884,0.06380498977807818,True
cmaes,57,2.0570597582775556,0.10321479365610133,0.054276182661751424,2.0570597582775556,0.10321479365610133,0.054276182661751424,0.05859685568401163,0.05859685568401163,True
cmaes,58,2.9489368791457222,0.0846970895118631,0.08610894699672772,2.0570597582775556,0.10321479365610133,0.054276182661751424,0.2739044710545041,0.05859685568401163,True
cmaes,59,3.4145724195528993,0.17623601792327603,0.05281901759994753,2.0570597582775556,0.10321479365610133,0.054276182661751424,1.0073498854920366,0.05859685568401163,True
cmaes,60,1.8167587771060258,0.07429664152618756,0.08971429279929347,2.0570597582775556,0.10321479365610133,0.054276182661751424,0.23295196548694974,0.05859685568401163,True
cmaes,61,1.2544511829083127,0.15522399508742035,0.0902060455532327,2.0570597582775556,0.10321479365610133,0.054276182661751424,0.20470447906790107,0.05859685568401163,True
cmaes,62,1.7762092669680416,0.16912933156260357,0.04782285485100979,2.0570597582775556,0.10321479365610133,0.054276182661751424,0.1294961597086546,0.05859685568401163,True
cmaes,63,1.840078849649011,0.15056001788436496,0.08088154565982694,2.0570597582775556,0.10321479365610133,0.054276182661751424,0.11671965390266076,0.05859685568401163,True
cmaes,64,3.088015082281696,0.08288460437834536,0.08082399141502647,2.0570597582775556,0.10321479365610133,0.054276182661751424,0.30920462998366227,0.05859685568401163,True
cmaes,65,1.218426998101388,0.13522818807928053,0.08191773707847505,2.0570597582775556,0.10321479365610133,0.054276182661751424,0.26652282396083965,0.05859685568401163,True
cmaes,66,1.3669128354602005,0.08853252346594342,0.0483063442771203,2.0570597582775556,0.10321479365610133,0.054276182661751424,0.3433228263750338,0.05859685568401163,True
cmaes,67,2.4526429435538484,0.13372559411600793,0.06604497106224702,2.0570597582775556,0.10321479365610133,0.054276182661751424,0.35341707405771683,0.05859685568401163,True
cmaes,68,1.219886212177678,0.12779489112783396,0.07808570976825359,2.0570597582775556,0.10321479365610133,0.054276182661751424,0.2839958731972446,0.05859685568401163,True
cmaes,69,1.6428979587100963,0.10321704982999301,0.054092582288093306,2.0570597582775556,0.10321479365610133,0.054276182661751424,0.17870078050789912,0.05859685568401163,True
cmaes,70,2.027820678385439,0.1666068964176543,0.05792727040521488,2.0570597582775556,0.10321479365610133,0.054276182661751424,0.25492978196674093,0.05859685568401163,True
cmaes,71,1.5111143765723956,0.10595565121933069,0.06327421068792896,2.0570597582775556,0.10321479365610133,0.054276182661751424,0.22284946416092255,0.05859685568401163,True
cmaes,72,1.3512813463979658,0.12878331170802443,0.05988702518459822,2.0570597582775556,0.10321479365610133,0.054276182661751424,0.22476787704040782,0.05859685568401163,True
cmaes,73,1.8080267024270515,0.10275857639485445,0.060983322157406705,2.0570597582775556,0.10321479365610133,0.054276182661751424,0.11311193548532447,0.05859685568401163,True
cmaes,74,2.2409659275567755,0.08648002629584821,0.046042341908912016,2.2409659275567755,0.08648002629584821,0.046042341908912016,0.05495556431532963,0.05495556431532963,True
cmaes,75,1.5223638650477302,0.1457099810865617,0.07556528511163813,2.2409659275567755,0.08648002629584821,0.046042341908912016,0.10438550370976186,0.05495556431532963,True
cmaes,76,1.5468607638880942,0.11257188034658475,0.05921681599074817,2.2409659275567755,0.08648002629584821,0.046042341908912016,0.18599045350417914,0.05495556431532963,True
cmaes,77,1.7306655726162992,0.10492677257359503,0.06958116516071025,2.2409659275567755,0.08648002629584821,0.046042341908912016,0.13454278022324273,0.05495556431532963,True
cmaes,78,1.7544643973467107,0.08955914471991752,0.04717595806473862,2.2409659275567755,0.08648002629584821,0.046042341908912016,0.18965428226449602,0.05495556431532963,True
cmaes,79,1.2195632343961402,0.09853660929238606,0.04594184945685532,2.2409659275567755,0.08648002629584821,0.046042341908912016,0.3671436019427193,0.05495556431532963,True
cmaes,80,2.2131704810319066,0.08131934247812345,0.04778918337001283,2.2409659275567755,0.08648002629584821,0.046042341908912016,0.06820993648575685,0.05495556431532963,True
cmaes,81,1.6535768696560216,0.07305720582324882,0.046935221627953605,2.2409659275567755,0.08648002629584821,0.046042341908912016,0.30163100132978493,0.05495556431532963,True
cmaes,82,2.173620368278562,0.06388234266670394,0.054863302306529055,2.2409659275567755,0.08648002629584821,0.046042341908912016,0.1708127803657087,0.05495556431532963,True
cmaes,83,2.3332699650255826,0.08867702512916989,0.06626884234455804,2.2409659275567755,0.08648002629584821,0.046042341908912016,0.07723357630231108,0.05495556431532963,True
cmaes,84,2.0560292460255836,0.09357835736842693,0.05014565304733058,2.2409659275567755,0.08648002629584821,0.046042341908912016,0.06626979604089808,0.05495556431532963,True
cmaes,85,1.8812690823475902,0.10945214582123353,0.065484175138895,2.2409659275567755,0.08648002629584821,0.046042341908912016,0.06766398635317702,0.05495556431532963,True
cmaes,86,2.5277457619737156,0.0739502723461892,0.04259913086231948,2.2409659275567755,0.08648002629584821,0.046042341908912016,0.0613619923097072,0.05495556431532963,True
cmaes,87,1.436219432266721,0.1702749758805293,0.07344191916038359,2.2409659275567755,0.08648002629584821,0.046042341908912016,0.09332211853629838,0.05495556431532963,True
cmaes,88,3.165822277953362,0.10734300914785372,0.04868019391785945,2.2409659275567755,0.08648002629584821,0.046042341908912016,0.516184525904619,0.05495556431532963,True
cmaes,89,1.8258513618049026,0.08159501350197457,0.059430031161547006,2.2409659275567755,0.08648002629584821,0.046042341908912016,0.19708358180855923,0.05495556431532963,True
cmaes,90,1.74157326594269,0.10177048863778365,0.04612377050268792,2.2409659275567755,0.08648002629584821,0.046042341908912016,0.14491186032151493,0.05495556431532963,True
cmaes,91,2.109908468730005,0.09717548954231538,0.04055900852716555,2.2409659275567755,0.08648002629584821,0.046042341908912016,0.05622854357555456,0.05495556431532963,True
cmaes,92,2.149827138735812,0.10216084623031634,0.045096947250397264,2.2409659275567755,0.08648002629584821,0.046042341908912016,0.07448287636190438,0.05495556431532963,True
cmaes,93,2.268402067287425,0.08358495615541699,0.050927346110837185,2.268402067287425,0.08358495615541699,0.050927346110837185,0.05493880777311972,0.05493880777311972,True
cmaes,94,1.852079654783704,0.12996683733762188,0.04669602017994907,2.268402067287425,0.08358495615541699,0.050927346110837185,0.06675261098648537,0.05493880777311972,True
cmaes,95,1.8543767476876059,0.05264689403963081,0.04383365851014156,2.268402067287425,0.08358495615541699,0.050927346110837185,0.3390323950359006,0.05493880777311972,True
cmaes,96,1.71273160427767,0.11904794040235121,0.059569168290124076,2.268402067287425,0.08358495615541699,0.050927346110837185,0.09655767166754212,0.05493880777311972,True
cmaes,97,2.2177810643624603,0.10309116000823683,0.04725277887983764,2.268402067287425,0.08358495615541699,0.050927346110837185,0.10107581478977813,0.05493880777311972,True
cmaes,98,2.520701283639005,0.09111715054507172,0.04081358896600466,2.268402067287425,0.08358495615541699,0.050927346110837185,0.15183969474692752,0.05493880777311972,True
cmaes,99,1.9173845971269314,0.08648193179159416,0.04204058209710457,2.268402067287425,0.08358495615541699,0.050927346110837185,0.14203361086797797,0.05493880777311972,True
cmaes,100,2.114281536077468,0.10209405211974079,0.04780938114029235,2.268402067287425,0.08358495615541699,0.050927346110837185,0.06547196920919492,0.05493880777311972,True
tpe,1,3.0,0.125,0.07,3.0,0.125,0.07,0.5628434392461068,0.5628434392461068,True
tpe,2,4.359197782792325,0.16526707114927602,0.08171976186743284,3.0,0.125,0.07,1.3579332888386708,0.5628434392461068,True
tpe,3,2.8494398737750037,0.16647570606010523,0.04930229966503786,3.0,0.125,0.07,0.6880947377914304,0.5628434392461068,True
tpe,4,1.8866669550185908,0.09531318205763972,0.07090248460495757,1.8866669550185908,0.09531318205763972,0.07090248460495757,0.11138711025406546,0.11138711025406546,True
tpe,5,1.0623053746083708,0.14476725339158025,0.09006567974996015,1.8866669550185908,0.09531318205763972,0.07090248460495757,0.31588220976996545,0.11138711025406546,True
tpe,6,1.9920430368089073,0.11130599200829222,0.09140706077126345,1.9920430368089073,0.11130599200829222,0.09140706077126345,0.06462440832556486,0.06462440832556486,True
tpe,7,4.66524874459135,0.07933243699214262,0.07177828592797723,1.9920430368089073,0.11130599200829222,0.09140706077126345,0.7472164739260264,0.06462440832556486,True
tpe,8,1.5294921585201857,0.13100844721032806,0.09552391807271449,1.9920430368089073,0.11130599200829222,0.09140706077126345,0.13487327512302463,0.06462440832556486,True
tpe,9,1.574896719604685,0.12163281117863957,0.04094496676657192,1.9920430368089073,0.11130599200829222,0.09140706077126345,0.14795146824718144,0.06462440832556486,True
tpe,10,1.4061732696109392,0.13293964235215971,0.08356674399267237,1.9920430368089073,0.11130599200829222,0.09140706077126345,0.18622324525101716,0.06462440832556486,True
tpe,11,1.3347464435768561,0.1072150435763746,0.0728790947424044,1.9920430368089073,0.11130599200829222,0.09140706077126345,0.29153129924346577,0.06462440832556486,True
tpe,12,4.72256883360801,0.18702757510618412,0.09739535457361943,1.9920430368089073,0.11130599200829222,0.09140706077126345,1.6146737974504604,0.06462440832556486,True
tpe,13,3.5984602619098336,0.1636853212220935,0.09414178672117435,1.9920430368089073,0.11130599200829222,0.09140706077126345,1.0394294633132546,0.06462440832556486,True
tpe,14,1.8125300162964746,0.17383530252151969,0.06151430730014642,1.9920430368089073,0.11130599200829222,0.09140706077126345,0.16184246910308853,0.06462440832556486,True
tpe,15,4.036363750979274,0.16968982937073193,0.059692671415084386,1.9920430368089073,0.11130599200829222,0.09140706077126345,1.252492668905381,0.06462440832556486,True
tpe,16,1.5111546672228748,0.06180581672170383,0.09254122154157116,1.9920430368089073,0.11130599200829222,0.09140706077126345,0.3957825822118528,0.06462440832556486,True
tpe,17,2.3847442319094307,0.06359143690506366,0.05221845488819726,1.9920430368089073,0.11130599200829222,0.09140706077126345,0.10639540597682363,0.06462440832556486,True
tpe,18,1.8633262592581947,0.05790189392242716,0.04482323167423887,1.9920430368089073,0.11130599200829222,0.09140706077126345,0.30750326197237865,0.06462440832556486,True
tpe,19,2.8178414820006226,0.1130232997672984,0.09941175527065339,1.9920430368089073,0.11130599200829222,0.09140706077126345,0.4152426282035454,0.06462440832556486,True
tpe,20,3.2580766952395397,0.05803014894181608,0.07337008790702682,1.9920430368089073,0.11130599200829222,0.09140706077126345,0.15635960066964377,0.06462440832556486,True
tpe,21,3.886004534507624,0.06080625072811545,0.040676507899864954,1.9920430368089073,0.11130599200829222,0.09140706077126345,0.3518646882294507,0.06462440832556486,True
tpe,22,2.294942225362794,0.10073489782229889,0.05241690438110194,1.9920430368089073,0.11130599200829222,0.09140706077126345,0.1198576649683981,0.06462440832556486,True
tpe,23,1.6864960904397486,0.060661072317163986,0.06895585203893066,1.9920430368089073,0.11130599200829222,0.09140706077126345,0.34718482648482957,0.06462440832556486,True
tpe,24,2.053439764768035,0.09707522658527809,0.06981884088306671,2.053439764768035,0.09707522658527809,0.06981884088306671,0.05860056251030821,0.05860056251030821,True
tpe,25,3.091055379521136,0.07283969836619147,0.05359382847018527,2.053439764768035,0.09707522658527809,0.06981884088306671,0.22709097730289132,0.05860056251030821,True
tpe,26,2.3727142030466664,0.0936503364763096,0.08466398288816637,2.053439764768035,0.09707522658527809,0.06981884088306671,0.11657869537263633,0.05860056251030821,True
tpe,27,2.517042138102204,0.0507789863370241,0.06535248939244473,2.053439764768035,0.09707522658527809,0.06981884088306671,0.14911646645212695,0.05860056251030821,True
tpe,28,1.2849515336795978,0.08808141491466098,0.059431013541544675,2.053439764768035,0.09707522658527809,0.06981884088306671,0.37414867814256586,0.05860056251030821,True
tpe,29,2.723040609902529,0.17441066362219082,0.07676549399491298,2.053439764768035,0.09707522658527809,0.06981884088306671,0.6582871240669522,0.05860056251030821,True
tpe,30,2.5287094856397263,0.11791616678837986,0.08377061193504717,2.053439764768035,0.09707522658527809,0.06981884088306671,0.3142336187177712,0.05860056251030821,True
tpe,31,2.879291019213577,0.10863308926998043,0.06445061392817159,2.053439764768035,0.09707522658527809,0.06981884088306671,0.41067637718195005,0.05860056251030821,True
tpe,32,1.8220459105715245,0.10535693960375464,0.07430967789689066,2.053439764768035,0.09707522658527809,0.06981884088306671,0.09726494644153123,0.05860056251030821,True
tpe,33,1.629106267317075,0.1326158992308572,0.06298164786998658,2.053439764768035,0.09707522658527809,0.06981884088306671,0.09280684871387143,0.05860056251030821,True
tpe,34,1.5205132828796697,0.1422398198956213,0.05591915538642023,2.053439764768035,0.09707522658527809,0.06981884088306671,0.11500506220906016,0.05860056251030821,True
tpe,35,2.2845267716241384,0.11480574123285396,0.07007387113382296,2.053439764768035,0.09707522658527809,0.06981884088306671,0.18701593612556483,0.05860056251030821,True
tpe,36,1.5286548553676473,0.12626232815727098,0.07099810807877187,2.053439764768035,0.09707522658527809,0.06981884088306671,0.15073985156124503,0.05860056251030821,True
tpe,37,2.019091946973673,0.10037926488495473,0.07559980149149209,2.019091946973673,0.10037926488495473,0.07559980149149209,0.05848139776068384,0.05848139776068384,True
tpe,38,1.7465886550764598,0.0895677529629467,0.08789975932669676,2.019091946973673,0.10037926488495473,0.07559980149149209,0.18808922146330023,0.05848139776068384,True
tpe,39,1.0664320578499245,0.14234756137303106,0.065805448605652,2.019091946973673,0.10037926488495473,0.07559980149149209,0.3214719157901134,0.05848139776068384,True
tpe,40,1.5382469092356326,0.10372633342295384,0.09945306365805649,2.019091946973673,0.10037926488495473,0.07559980149149209,0.21548805503099436,0.05848139776068384,True
tpe,41,4.776010927851924,0.09204950552152877,0.09302800673741571,2.019091946973673,0.10037926488495473,0.07559980149149209,0.9061716524672933,0.05848139776068384,True
tpe,42,2.0227919827381555,0.0831594124814836,0.07053654271315658,2.019091946973673,0.10037926488495473,0.07559980149149209,0.11614579196891778,0.05848139776068384,True
tpe,43,2.8359975933723156,0.09674952069376411,0.07313755632662207,2.019091946973673,0.10037926488495473,0.07559980149149209,0.31609436638390437,0.05848139776068384,True
tpe,44,1.4027786369283852,0.09776738017243444,0.07846958107508632,2.019091946973673,0.10037926488495473,0.07559980149149209,0.293784147992392,0.05848139776068384,True
tpe,45,3.734087901512298,0.12931638350004912,0.04059788217564399,2.019091946973673,0.10037926488495473,0.07559980149149209,0.8878292799682528,0.05848139776068384,True
tpe,46,1.9642773205784734,0.11076417050371375,0.07115169496748397,2.019091946973673,0.10037926488495473,0.07559980149149209,0.05889300908794576,0.05848139776068384,True
tpe,47,2.379976383968303,0.16432338107189068,0.09803295849684175,2.019091946973673,0.10037926488495473,0.07559980149149209,0.4426976574627923,0.05848139776068384,True
tpe,48,2.4968525897374,0.14404369811559004,0.05428510104163181,2.019091946973673,0.10037926488495473,0.07559980149149209,0.4182655891081563,0.05848139776068384,True
tpe,49,1.9299590611559791,0.12348842403987287,0.06506890733192248,2.019091946973673,0.10037926488495473,0.07559980149149209,0.07534030555207129,0.05848139776068384,True
tpe,50,2.03813049748773,0.10544055831460793,0.060026825204246424,2.019091946973673,0.10037926488495473,0.07559980149149209,0.059773670709167684,0.05848139776068384,True
tpe,51,1.1687837023123235,0.195063994902675,0.044090257632503106,2.019091946973673,0.10037926488495473,0.07559980149149209,0.17431532575605288,0.05848139776068384,True
tpe,52,2.1076708492062637,0.11487397987842969,0.058844989362211476,2.019091946973673,0.10037926488495473,0.07559980149149209,0.11015878358451495,0.05848139776068384,True
tpe,53,2.237287507174651,0.11481154068796649,0.06793519945230449,2.019091946973673,0.10037926488495473,0.07559980149149209,0.16595500498339433,0.05848139776068384,True
tpe,54,2.181415667186158,0.11936528266727395,0.09080533357978143,2.019091946973673,0.10037926488495473,0.07559980149149209,0.1645143876645207,0.05848139776068384,True
tpe,55,2.498078831977928,0.10545209750041931,0.06975712945393989,2.019091946973673,0.10037926488495473,0.07559980149149209,0.23102756017999213,0.05848139776068384,True
tpe,56,2.2256230814082882,0.09926426371399881,0.0673130930350079,2.019091946973673,0.10037926488495473,0.07559980149149209,0.08975004100734317,0.05848139776068384,True
tpe,57,4.7756590668294985,0.12636269916934906,0.057516603279530884,2.019091946973673,0.10037926488495473,0.07559980149149209,1.221557370377291,0.05848139776068384,True
tpe,58,1.8443944855688539,0.09381796534718781,0.06068749154556302,2.019091946973673,0.10037926488495473,0.07559980149149209,0.13463433871096694,0.05848139776068384,True
tpe,59,2.1715076846898804,0.14319684195314014,0.07047961879728262,2.019091946973673,0.10037926488495473,0.07559980149149209,0.2536920930591626,0.05848139776068384,True
tpe,60,1.6540723925602325,0.09924265973440895,0.06939982510176942,2.019091946973673,0.10037926488495473,0.07559980149149209,0.1872313708233011,0.05848139776068384,True
tpe,61,1.8900246251544146,0.1372284493723777,0.08265438731284507,2.019091946973673,0.10037926488495473,0.07559980149149209,0.1011007877062991,0.05848139776068384,True
tpe,62,2.2892234481459783,0.09357107363349138,0.07556636023665701,2.019091946973673,0.10037926488495473,0.07559980149149209,0.08644237880808497,0.05848139776068384,True
tpe,63,2.680542164075184,0.0643796804456934,0.0916570253906874,2.680542164075184,0.0643796804456934,0.0916570253906874,0.056632787888874,0.056632787888874,True
tpe,64,3.7233940883573844,0.1444126519144181,0.07397221989284317,2.680542164075184,0.0643796804456934,0.0916570253906874,0.9851120073390145,0.056632787888874,True
tpe,65,2.0561393866403614,0.10521922713632514,0.051222040582663775,2.680542164075184,0.0643796804456934,0.0916570253906874,0.06150851482264486,0.056632787888874,True
tpe,66,2.641530301294703,0.062181752327189185,0.09586053566475666,2.641530301294703,0.062181752327189185,0.09586053566475666,0.054842441619538954,0.054842441619538954,True
tpe,67,3.1908399774075518,0.06884468301454211,0.09427132947040727,2.641530301294703,0.062181752327189185,0.09586053566475666,0.22931155557995822,0.054842441619538954,True
tpe,68,2.266120524408503,0.05174011146049879,0.09481948802210047,2.641530301294703,0.062181752327189185,0.09586053566475666,0.2140475395201662,0.054842441619538954,True
tpe,69,2.797436777419514,0.06581384112889473,0.08378649620970077,2.641530301294703,0.062181752327189185,0.09586053566475666,0.08656608097038752,0.054842441619538954,True
tpe,70,2.0564046688730455,0.09613902077470238,0.04242217721788074,2.641530301294703,0.062181752327189185,0.09586053566475666,0.06078378166376152,0.054842441619538954,True
tpe,71,2.4560934399741914,0.08262810688852329,0.09801737948676563,2.641530301294703,0.062181752327189185,0.09586053566475666,0.08696968275722396,0.054842441619538954,True
tpe,72,2.04713465672353,0.09872673765035597,0.04255230120443042,2.641530301294703,0.062181752327189185,0.09586053566475666,0.05811362577899669,0.054842441619538954,True
tpe,73,2.0407302282114475,0.09293008712905586,0.04016868016961827,2.641530301294703,0.062181752327189185,0.09586053566475666,0.07301120953194305,0.054842441619538954,True
tpe,74,1.4802604230239202,0.10827888911981225,0.04787079274409938,2.641530301294703,0.062181752327189185,0.09586053566475666,0.23006427113147734,0.054842441619538954,True
tpe,75,2.1388054967056633,0.09012574855009214,0.04264302432845876,2.641530301294703,0.062181752327189185,0.09586053566475666,0.059174237972089865,0.054842441619538954,True
tpe,76,3.268539973817522,0.05724371079900247,0.09952538442892644,2.641530301294703,0.062181752327189185,0.09586053566475666,0.15376233918104132,0.054842441619538954,True
tpe,77,2.749580958279096,0.09868561204790476,0.04372575668897054,2.641530301294703,0.062181752327189185,0.09586053566475666,0.29010593983028027,0.054842441619538954,True
tpe,78,4.902433787464228,0.06195876477426178,0.06132652114485003,2.641530301294703,0.062181752327189185,0.09586053566475666,0.6117584309717919,0.054842441619538954,True
tpe,79,2.2429188514583958,0.0871654484680446,0.05150151260074768,2.641530301294703,0.062181752327189185,0.09586053566475666,0.05538338612741024,0.054842441619538954,True
tpe,80,2.8004228675085203,0.06034153377183075,0.04164693119989711,2.641530301294703,0.062181752327189185,0.09586053566475666,0.057558902898903266,0.054842441619538954,True
tpe,81,3.4198106432316426,0.05138398379607747,0.04199262038162102,2.641530301294703,0.062181752327189185,0.09586053566475666,0.13924945687222742,0.054842441619538954,True
tpe,82,3.098283175773795,0.08106429044686952,0.04340040226455011,2.641530301294703,0.062181752327189185,0.09586053566475666,0.29392060837306594,0.054842441619538954,True
tpe,83,2.506620839427387,0.07644729714609504,0.04418263847454929,2.641530301294703,0.062181752327189185,0.09586053566475666,0.06670681794200944,0.054842441619538954,True
tpe,84,2.4539340953316016,0.05678094136556091,0.0470869569055195,2.641530301294703,0.062181752327189185,0.09586053566475666,0.12917410360454076,0.054842441619538954,True
tpe,85,2.548955838325059,0.05940934744652823,0.08504793778031275,2.641530301294703,0.062181752327189185,0.09586053566475666,0.08291905110798647,0.054842441619538954,True
tpe,86,4.973301099956504,0.14194422129244286,0.08838599787549517,2.641530301294703,0.062181752327189185,0.09586053566475666,1.4067466591473645,0.054842441619538954,True
tpe,87,1.369580642584437,0.06520490106389092,0.05380468096812601,2.641530301294703,0.062181752327189185,0.09586053566475666,0.429980928870997,0.054842441619538954,True
tpe,88,1.8711009489883141,0.08195368202925843,0.047578309634907376,2.641530301294703,0.062181752327189185,0.09586053566475666,0.17999289543429145,0.054842441619538954,True
tpe,89,2.6204505140109697,0.05185882789854858,0.04066636178905022,2.641530301294703,0.062181752327189185,0.09586053566475666,0.11584721412908235,0.054842441619538954,True
tpe,90,3.625273046583816,0.11107708055952437,0.09097401011848766,2.641530301294703,0.062181752327189185,0.09586053566475666,0.7228929480612587,0.054842441619538954,True
tpe,91,2.726359177188717,0.09357557688230478,0.05840712226037344,2.641530301294703,0.062181752327189185,0.09586053566475666,0.24984069052055705,0.054842441619538954,True
tpe,92,2.7112809842697234,0.08244142734635132,0.08905223916728382,2.641530301294703,0.062181752327189185,0.09586053566475666,0.17211236138443925,0.054842441619538954,True
tpe,93,1.7118691372266286,0.08341822229776644,0.046994186966463944,2.641530301294703,0.062181752327189185,0.09586053566475666,0.2331733382608516,0.054842441619538954,True
tpe,94,2.4830386264589652,0.12764432912224372,0.04511462629751995,2.641530301294703,0.062181752327189185,0.09586053566475666,0.3358295675297714,0.054842441619538954,True
tpe,95,1.880076523630191,0.06927192556241862,0.07680237482550571,2.641530301294703,0.062181752327189185,0.09586053566475666,0.2374502610384413,0.054842441619538954,True
tpe,96,2.1741512120519935,0.0688100526076086,0.09898752638679899,2.641530301294703,0.062181752327189185,0.09586053566475666,0.13781512826097225,0.054842441619538954,True
tpe,97,1.96968106961141,0.07436655453938543,0.052892909825137085,2.641530301294703,0.062181752327189185,0.09586053566475666,0.18167180432487853,0.054842441619538954,True
tpe,98,1.8513398804777657,0.11372742237196287,0.07375686922593397,2.641530301294703,0.062181752327189185,0.09586053566475666,0.0656887454172709,0.054842441619538954,True
tpe,99,4.798959806203115,0.17432150019105708,0.0411590398451681,2.641530301294703,0.062181752327189185,0.09586053566475666,1.563470532284858,0.054842441619538954,True
tpe,100,2.895096017930112,0.05522551045663598,0.09526823480603863,2.641530301294703,0.062181752327189185,0.09586053566475666,0.05564621721115579,0.054842441619538954,True
random,1,3.0,0.125,0.07,3.0,0.125,0.07,0.5628434392461068,0.5628434392461068,True
random,2,1.6776620392355244,0.11575040968926807,0.06624447621596893,1.6776620392355244,0.11575040968926807,0.06624447621596893,0.11953036608380183,0.11953036608380183,True
random,3,1.5959260303746046,0.050297496951888225,0.07345443056440273,1.6776620392355244,0.11575040968926807,0.06624447621596893,0.42468386312307604,0.11953036608380183,True
random,4,2.039655038000501,0.12338418809546174,0.08448905726404307,2.039655038000501,0.12338418809546174,0.08448905726404307,0.11824892166040743,0.11824892166040743,True
random,5,2.91501004034009,0.11253375909876379,0.0778403040100776,2.039655038000501,0.12338418809546174,0.08448905726404307,0.45190338542131814,0.11824892166040743,True
random,6,2.474736489494175,0.17520398927845038,0.04760641760551128,2.039655038000501,0.12338418809546174,0.08448905726404307,0.5227930342651671,0.11824892166040743,True
random,7,1.1925576184062585,0.14259804302354126,0.07487505970508168,2.039655038000501,0.12338418809546174,0.08448905726404307,0.26253991247686403,0.11824892166040743,True
random,8,1.152783325243036,0.07962469584992116,0.09913239110336924,2.039655038000501,0.12338418809546174,0.08448905726404307,0.44489748962143677,0.11824892166040743,True
random,9,1.8732231460764863,0.19714130033631994,0.06901428136277644,2.039655038000501,0.12338418809546174,0.08448905726404307,0.25553840340359935,0.11824892166040743,True
random,10,4.302117414678983,0.07809394877907382,0.08343296864049997,2.039655038000501,0.12338418809546174,0.08448905726404307,0.6415701476476842,0.11824892166040743,True
random,11,3.6065991118275296,0.11536592284806321,0.07944518904344874,2.039655038000501,0.12338418809546174,0.08448905726404307,0.7473012864590362,0.11824892166040743,True
random,12,1.2786814339175456,0.18116421199160726,0.05067635143843477,2.039655038000501,0.12338418809546174,0.08448905726404307,0.14596308214193587,0.11824892166040743,True
random,13,2.5876643174132745,0.1122762641325312,0.045167519899151645,2.039655038000501,0.12338418809546174,0.08448905726404307,0.3040877994082167,0.11824892166040743,True
random,14,4.099196863667942,0.1260186759486101,0.048974110941203866,2.039655038000501,0.12338418809546174,0.08448905726404307,1.0002235190045545,0.11824892166040743,True
random,15,3.124046308136611,0.16587701522265305,0.08738518507785695,2.039655038000501,0.12338418809546174,0.08448905726404307,0.8288352281851304,0.11824892166040743,True
random,16,3.6578902700182674,0.13674133904143543,0.08066089850570224,2.039655038000501,0.12338418809546174,0.08448905726404307,0.9123012088861583,0.11824892166040743,True
random,17,2.9688350750377324,0.09618233119650627,0.09435207716817084,2.039655038000501,0.12338418809546174,0.08448905726404307,0.3656323203771136,0.11824892166040743,True
random,18,2.07592271752667,0.09095283200965662,0.05039558254095578,2.07592271752667,0.09095283200965662,0.05039558254095578,0.06916666630738998,0.06916666630738998,True
random,19,1.9180804316079985,0.17102412965865468,0.07355363948254731,2.07592271752667,0.09095283200965662,0.05039558254095578,0.21172323266069373,0.06916666630738998,True
random,20,4.654964745692982,0.14395913532133367,0.07279132575173006,2.07592271752667,0.09095283200965662,0.05039558254095578,1.3222790754262799,0.06916666630738998,True
random,21,2.579703201688687,0.06848667982977916,0.09721858371681419,2.579703201688687,0.06848667982977916,0.09721858371681419,0.05579193848069671,0.05579193848069671,True
random,22,2.229019133835946,0.1787950224070174,0.06660525331327065,2.579703201688687,0.06848667982977916,0.09721858371681419,0.4036071996344959,0.05579193848069671,True
random,23,3.0311154445727637,0.1698752380790266,0.04935033394452971,2.579703201688687,0.06848667982977916,0.09721858371681419,0.7933759539319221,0.05579193848069671,True
random,24,3.6933116019869794,0.17891365072390314,0.08712124856140957,2.579703201688687,0.06848667982977916,0.09721858371681419,1.1536466937260523,0.05579193848069671,True
random,25,2.3573772973084273,0.18885021855422812,0.041892954968329045,2.579703201688687,0.06848667982977916,0.09721858371681419,0.5005337320745258,0.05579193848069671,True
random,26,2.5180113718375154,0.09413259289931569,0.04719653079812625,2.579703201688687,0.06848667982977916,0.09721858371681419,0.1699245216819731,0.05579193848069671,True
random,27,3.65724680774233,0.14401603418712444,0.0613566262485498,2.579703201688687,0.06848667982977916,0.09721858371681419,0.9538892291119352,0.05579193848069671,True
random,28,1.55177591905121,0.09288038864510363,0.05664059359698387,2.579703201688687,0.06848667982977916,0.09721858371681419,0.2546283427686091,0.05579193848069671,True
random,29,3.7999014459402534,0.14728639873920096,0.08523288944003653,2.579703201688687,0.06848667982977916,0.09721858371681419,1.0343319639242263,0.05579193848069671,True
random,30,2.0186266178419263,0.06015836474078849,0.05206366578903118,2.579703201688687,0.06848667982977916,0.09721858371681419,0.2438897754640088,0.05579193848069671,True
random,31,1.3095238920807653,0.10172168554036723,0.04078993315938826,2.579703201688687,0.06848667982977916,0.09721858371681419,0.3226432914833856,0.05579193848069671,True
random,32,3.3082876001606265,0.188723904411711,0.06496470916617669,2.579703201688687,0.06848667982977916,0.09721858371681419,1.0093010627713856,0.05579193848069671,True
random,33,1.909244794349144,0.17535939021682717,0.07845812726325106,2.579703201688687,0.06848667982977916,0.09721858371681419,0.21969549200649632,0.05579193848069671,True
random,34,1.1660370992860853,0.09945233177130461,0.07418096108534675,2.579703201688687,0.06848667982977916,0.09721858371681419,0.38197482342768385,0.05579193848069671,True
random,35,2.0916289584753143,0.1965950394776661,0.07109613287815883,2.579703201688687,0.06848667982977916,0.09721858371681419,0.3785747411910224,0.05579193848069671,True
random,36,3.767282488811941,0.11042757631778066,0.06797968884596596,2.579703201688687,0.06848667982977916,0.09721858371681419,0.7674148415895642,0.05579193848069671,True
random,37,1.0103559953978154,0.19725397115947801,0.08898995803848203,2.579703201688687,0.06848667982977916,0.09721858371681419,0.24424266570114653,0.05579193848069671,True
random,38,4.203979313753729,0.1976939005363504,0.09926504380263242,2.579703201688687,0.06848667982977916,0.09721858371681419,1.4618169116060826,0.05579193848069671,True
random,39,1.1223152589107674,0.11137433721679249,0.0815372686739532,2.579703201688687,0.06848667982977916,0.09721858371681419,0.366108196478108,0.05579193848069671,True
random,40,3.485892997633531,0.06820852665862448,0.047768830797843956,2.579703201688687,0.06848667982977916,0.09721858371681419,0.31040099318899017,0.05579193848069671,True
random,41,2.5025247779239757,0.16772981712341328,0.059401280745193,2.579703201688687,0.06848667982977916,0.09721858371681419,0.5142794401924744,0.05579193848069671,True
random,42,4.530739373886471,0.1946502466540883,0.04417389419000799,2.579703201688687,0.06848667982977916,0.09721858371681419,1.572648611708269,0.05579193848069671,True
random,43,3.4700819540531027,0.1920149751147237,0.09645152574996521,2.579703201688687,0.06848667982977916,0.09721858371681419,1.1055926264620606,0.05579193848069671,True
random,44,4.644100816838076,0.1656100343448233,0.07784328014899332,2.579703201688687,0.06848667982977916,0.09721858371681419,1.4632076162695236,0.05579193848069671,True
random,45,4.627422682453559,0.1464833099980773,0.04851933047746257,2.579703201688687,0.06848667982977916,0.09721858371681419,1.327798744122979,0.05579193848069671,True
random,46,3.6189218408978494,0.0565269956046503,0.08388607631494621,2.579703201688687,0.06848667982977916,0.09721858371681419,0.24282543708121007,0.05579193848069671,True
random,47,3.04756183352892,0.17568085469803157,0.04055453991079707,2.579703201688687,0.06848667982977916,0.09721858371681419,0.8227420733725765,0.05579193848069671,True
random,48,1.9667351391984025,0.1391298522245412,0.061679326653732894,2.579703201688687,0.06848667982977916,0.09721858371681419,0.13772372316792936,0.05579193848069671,True
random,49,3.369050080151647,0.1503008897228778,0.05213632744540622,2.579703201688687,0.06848667982977916,0.09721858371681419,0.8632776898589135,0.05579193848069671,True
random,50,4.481238896846694,0.18339555232683202,0.05710980835435929,2.579703201688687,0.06848667982977916,0.09721858371681419,1.5003738985893902,0.05579193848069671,True
random,51,4.068442904072364,0.05080014354707847,0.05866903581179535,2.579703201688687,0.06848667982977916,0.09721858371681419,0.29898557967804795,0.05579193848069671,True
random,52,1.0987005428666077,0.1939434065359849,0.06816667050113842,2.579703201688687,0.06848667982977916,0.09721858371681419,0.20844784730897317,0.05579193848069671,True
random,53,2.826722557531802,0.19757805006818113,0.09051418966706343,2.579703201688687,0.06848667982977916,0.09721858371681419,0.795623627702154,0.05579193848069671,True
random,54,1.7473866071068556,0.16341797163567223,0.08262486063470773,2.579703201688687,0.06848667982977916,0.09721858371681419,0.10781639642750915,0.05579193848069671,True
random,55,4.0002862419596665,0.12522069388175733,0.04789104058302275,2.579703201688687,0.06848667982977916,0.09721858371681419,0.9592490475445026,0.05579193848069671,True
random,56,1.7317230808328894,0.062006710093762164,0.09741033122700866,2.579703201688687,0.06848667982977916,0.09721858371681419,0.32331689423941207,0.05579193848069671,True
random,57,2.96880016368379,0.055460106045573575,0.06326169466122346,2.579703201688687,0.06848667982977916,0.09721858371681419,0.06487169867561468,0.05579193848069671,True
random,58,4.9013213593627665,0.1922793339188848,0.0842925611027398,2.579703201688687,0.06848667982977916,0.09721858371681419,1.7065359077524993,0.05579193848069671,True
random,59,2.41659265737421,0.1279793677442337,0.07846735499646351,2.579703201688687,0.06848667982977916,0.09721858371681419,0.31150790840731285,0.05579193848069671,True
random,60,1.513502213397051,0.19205541259842202,0.040799203014308394,2.579703201688687,0.06848667982977916,0.09721858371681419,0.06933598946042087,0.05579193848069671,True
random,61,4.785480512344334,0.12908563562698794,0.09463216346423563,2.579703201688687,0.06848667982977916,0.09721858371681419,1.248782341643977,0.05579193848069671,True
random,62,1.8616124114033483,0.18460827840319122,0.04813342466716505,2.579703201688687,0.06848667982977916,0.09721858371681419,0.21317712395772012,0.05579193848069671,True
random,63,4.884484649676834,0.06440158139856958,0.07105773051133836,2.579703201688687,0.06848667982977916,0.09721858371681419,0.6358211280728324,0.05579193848069671,True
random,64,3.1086077606038365,0.11750936546036071,0.05243446151986524,2.579703201688687,0.06848667982977916,0.09721858371681419,0.5610666463427042,0.05579193848069671,True
random,65,4.129627777163918,0.19583208097326543,0.06387421981237076,2.579703201688687,0.06848667982977916,0.09721858371681419,1.4177161033666104,0.05579193848069671,True
random,66,4.526186818275231,0.13511431001390964,0.07223592115711329,2.579703201688687,0.06848667982977916,0.09721858371681419,1.2152334065208303,0.05579193848069671,True
random,67,1.166738271748026,0.06378597619220572,0.06478461811556169,2.579703201688687,0.06848667982977916,0.09721858371681419,0.49640001021468766,0.05579193848069671,True
random,68,2.3774890072550514,0.14295893041897423,0.05611601377639339,2.579703201688687,0.06848667982977916,0.09721858371681419,0.3541722714975087,0.05579193848069671,True
random,69,3.919904480924197,0.1197228317715264,0.07782597587034608,2.579703201688687,0.06848667982977916,0.09721858371681419,0.8936318692981019,0.05579193848069671,True
random,70,1.4262283892461811,0.07158026426164463,0.08331751980419985,2.579703201688687,0.06848667982977916,0.09721858371681419,0.38293667373693935,0.05579193848069671,True
random,71,4.413040094329319,0.13798004102197262,0.05570458450002866,2.579703201688687,0.06848667982977916,0.09721858371681419,1.1968272731765555,0.05579193848069671,True
random,72,4.600608124619736,0.09834088855835202,0.05450626723410451,2.579703201688687,0.06848667982977916,0.09721858371681419,0.9205352319935651,0.05579193848069671,True
random,73,1.0797467869107713,0.15672079259082158,0.04040180687556603,2.579703201688687,0.06848667982977916,0.09721858371681419,0.29011211105830126,0.05579193848069671,True
random,74,3.7667158813723525,0.08551741777729557,0.0595350613207461,2.579703201688687,0.06848667982977916,0.09721858371681419,0.5561223343102921,0.05579193848069671,True
random,75,3.55802416435016,0.14042868958869617,0.06666244662255344,2.579703201688687,0.06848667982977916,0.09721858371681419,0.8923624649790854,0.05579193848069671,True
random,76,3.013165956764378,0.16475239581766388,0.05981859696489257,2.579703201688687,0.06848667982977916,0.09721858371681419,0.7653777882049917,0.05579193848069671,True
random,77,1.4722045646424973,0.19237327241118451,0.09529343428888445,2.579703201688687,0.06848667982977916,0.09721858371681419,0.0679760859990166,0.05579193848069671,True
random,78,2.5261464178893913,0.06563667553333472,0.07576480924437157,2.579703201688687,0.06848667982977916,0.09721858371681419,0.05967783805482616,0.05579193848069671,True
random,79,3.3982917279897173,0.1300917676704234,0.049884888995975145,2.579703201688687,0.06848667982977916,0.09721858371681419,0.760365925407537,0.05579193848069671,True
random,80,1.1172820166088249,0.11034088246088511,0.06142009750049009,2.579703201688687,0.06848667982977916,0.09721858371681419,0.3729012216982556,0.05579193848069671,True
random,81,2.375587361258728,0.051822174776325974,0.06094669267528748,2.579703201688687,0.06848667982977916,0.09721858371681419,0.18372854130000682,0.05579193848069671,True
random,82,3.2788444420985776,0.17220384448677958,0.049556451092878095,2.579703201688687,0.06848667982977916,0.09721858371681419,0.9245208056221391,0.05579193848069671,True
random,83,2.3488355219688763,0.06785910369614627,0.06101866933345669,2.579703201688687,0.06848667982977916,0.09721858371681419,0.09162567453354725,0.05579193848069671,True
random,84,3.9054442565369714,0.053675080804325176,0.044873218542999534,2.579703201688687,0.06848667982977916,0.09721858371681419,0.28622664050021623,0.05579193848069671,True
random,85,4.072692800785747,0.09209067569857907,0.048624588416690886,2.579703201688687,0.06848667982977916,0.09721858371681419,0.7089698422633345,0.05579193848069671,True
random,86,3.667225803472977,0.10744022212952935,0.04436604503453308,2.579703201688687,0.06848667982977916,0.09721858371681419,0.7050982756556539,0.05579193848069671,True
random,87,1.493371153769103,0.18578737995632255,0.07663367687119693,2.579703201688687,0.06848667982977916,0.09721858371681419,0.06643151689886946,0.05579193848069671,True
random,88,1.5696119286885253,0.10389480845321777,0.052546293775182024,2.579703201688687,0.06848667982977916,0.09721858371681419,0.20690653459590233,0.05579193848069671,True
random,89,3.4353653302540024,0.15039621690187294,0.043582424885005855,2.579703201688687,0.06848667982977916,0.09721858371681419,0.8913036346861533,0.05579193848069671,True
random,90,3.1070468719737216,0.09497506021864813,0.09631530014227477,2.579703201688687,0.06848667982977916,0.09721858371681419,0.4094821255039461,0.05579193848069671,True
random,91,4.00569882693217,0.14477977955801952,0.07696294825106989,2.579703201688687,0.06848667982977916,0.09721858371681419,1.098996097577561,0.05579193848069671,True
random,92,1.0253386743829558,0.10605806626812815,0.08925959221655211,2.579703201688687,0.06848667982977916,0.09721858371681419,0.41676669642291975,0.05579193848069671,True
random,93,3.9051396010011716,0.1809190967561985,0.04601962312010803,2.579703201688687,0.06848667982977916,0.09721858371681419,1.2494595227851908,0.05579193848069671,True
random,94,2.962599300270226,0.1390760798894578,0.06565308426794328,2.579703201688687,0.06848667982977916,0.09721858371681419,0.6223229994476998,0.05579193848069671,True
random,95,1.03316043517636,0.18068330697818324,0.09215691377695184,2.579703201688687,0.06848667982977916,0.09721858371681419,0.2624142065892122,0.05579193848069671,True
random,96,2.6227360619761906,0.13665018881288793,0.04814153111431296,2.579703201688687,0.06848667982977916,0.09721858371681419,0.44597295214904437,0.05579193848069671,True
random,97,4.365976852797518,0.11567821566140409,0.09535190262451398,2.579703201688687,0.06848667982977916,0.09721858371681419,1.0101185266923358,0.05579193848069671,True
random,98,2.4720415940396245,0.09136839637652067,0.04812073172742096,2.579703201688687,0.06848667982977916,0.09721858371681419,0.1362406126699771,0.05579193848069671,True
random,99,2.5918112627161376,0.1203497005525178,0.0676186243016487,2.579703201688687,0.06848667982977916,0.09721858371681419,0.35367215143751435,0.05579193848069671,True
random,100,3.1588182056619667,0.06122779930438603,0.09562913171154974,2.579703201688687,0.06848667982977916,0.09721858371681419,0.15599331027943938,0.05579193848069671,True
