measurement_id,case_id,method,trial,best_loss,ratio_to_true_input,relative_regret
M1,case_td003_pa050_pp0_3_gamma_010__steady,cmaes,1,0.5628434392461068,10.373700474412228,9.262917233896095
M1,case_td003_pa050_pp0_3_gamma_010__steady,cmaes,2,0.5628434392461068,10.373700474412228,9.262917233896095
M1,case_td003_pa050_pp0_3_gamma_010__steady,cmaes,3,0.5628434392461068,10.373700474412228,9.262917233896095
M1,case_td003_pa050_pp0_3_gamma_010__steady,cmaes,4,0.2518217127850689,4.641296032311952,3.5917305165230147
M1,case_td003_pa050_pp0_3_gamma_010__steady,cmaes,5,0.2518217127850689,4.641296032311952,3.5917305165230147
M1,case_td003_pa050_pp0_3_gamma_010__steady,cmaes,6,0.2518217127850689,4.641296032311952,3.5917305165230147
M1,case_td003_pa050_pp0_3_gamma_010__steady,cmaes,7,0.2518217127850689,4.641296032311952,3.5917305165230147
M1,case_td003_pa050_pp0_3_gamma_010__steady,cmaes,8,0.2518217127850689,4.641296032311952,3.5917305165230147
M1,case_td003_pa050_pp0_3_gamma_010__steady,cmaes,9,0.20876561567667842,3.847734228344032,2.8066433497793177
M1,case_td003_pa050_pp0_3_gamma_010__steady,cmaes,10,0.20876561567667842,3.847734228344032,2.8066433497793177
M1,case_td003_pa050_pp0_3_gamma_010__steady,cmaes,11,0.20876561567667842,3.847734228344032,2.8066433497793177
M1,case_td003_pa050_pp0_3_gamma_010__steady,cmaes,12,0.20876561567667842,3.847734228344032,2.8066433497793177
M1,case_td003_pa050_pp0_3_gamma_010__steady,cmaes,13,0.20876561567667842,3.847734228344032,2.8066433497793177
M1,case_td003_pa050_pp0_3_gamma_010__steady,cmaes,14,0.16400759322292413,3.0228044407921453,1.990523185687131
M1,case_td003_pa050_pp0_3_gamma_010__steady,cmaes,15,0.16400759322292413,3.0228044407921453,1.990523185687131
M1,case_td003_pa050_pp0_3_gamma_010__steady,cmaes,16,0.16400759322292413,3.0228044407921453,1.990523185687131
M1,case_td003_pa050_pp0_3_gamma_010__steady,cmaes,17,0.16400759322292413,3.0228044407921453,1.990523185687131
M1,case_td003_pa050_pp0_3_gamma_010__steady,cmaes,18,0.16400759322292413,3.0228044407921453,1.990523185687131
M1,case_td003_pa050_pp0_3_gamma_010__steady,cmaes,19,0.16400759322292413,3.0228044407921453,1.990523185687131
M1,case_td003_pa050_pp0_3_gamma_010__steady,cmaes,20,0.16400759322292413,3.0228044407921453,1.990523185687131
M1,case_td003_pa050_pp0_3_gamma_010__steady,cmaes,21,0.16400759322292413,3.0228044407921453,1.990523185687131
M1,case_td003_pa050_pp0_3_gamma_010__steady,cmaes,22,0.16400759322292413,3.0228044407921453,1.990523185687131
M1,case_td003_pa050_pp0_3_gamma_010__steady,cmaes,23,0.16400759322292413,3.0228044407921453,1.990523185687131
M1,case_td003_pa050_pp0_3_gamma_010__steady,cmaes,24,0.16400759322292413,3.0228044407921453,1.990523185687131
M1,case_td003_pa050_pp0_3_gamma_010__steady,cmaes,25,0.16400759322292413,3.0228044407921453,1.990523185687131
M1,case_td003_pa050_pp0_3_gamma_010__steady,cmaes,26,0.16400759322292413,3.0228044407921453,1.990523185687131
M1,case_td003_pa050_pp0_3_gamma_010__steady,cmaes,27,0.1523144210441037,2.807288975352433,1.7773092616984796
M1,case_td003_pa050_pp0_3_gamma_010__steady,cmaes,28,0.1523144210441037,2.807288975352433,1.7773092616984796
M1,case_td003_pa050_pp0_3_gamma_010__steady,cmaes,29,0.13515193988541196,2.4909693267189112,1.4643676666149887
M1,case_td003_pa050_pp0_3_gamma_010__steady,cmaes,30,0.13515193988541196,2.4909693267189112,1.4643676666149887
M1,case_td003_pa050_pp0_3_gamma_010__steady,cmaes,31,0.13515193988541196,2.4909693267189112,1.4643676666149887
M1,case_td003_pa050_pp0_3_gamma_010__steady,cmaes,32,0.13515193988541196,2.4909693267189112,1.4643676666149887
M1,case_td003_pa050_pp0_3_gamma_010__steady,cmaes,33,0.13515193988541196,2.4909693267189112,1.4643676666149887
M1,case_td003_pa050_pp0_3_gamma_010__steady,cmaes,34,0.1252569787606175,2.308596475305629,1.2839424187122925
M1,case_td003_pa050_pp0_3_gamma_010__steady,cmaes,35,0.1252569787606175,2.308596475305629,1.2839424187122925
M1,case_td003_pa050_pp0_3_gamma_010__steady,cmaes,36,0.1252569787606175,2.308596475305629,1.2839424187122925
M1,case_td003_pa050_pp0_3_gamma_010__steady,cmaes,37,0.06380498977807818,1.1759821765307985,0.163423580239471
M1,case_td003_pa050_pp0_3_gamma_010__steady,cmaes,38,0.06380498977807818,1.1759821765307985,0.163423580239471
M1,case_td003_pa050_pp0_3_gamma_010__steady,cmaes,39,0.06380498977807818,1.1759821765307985,0.163423580239471
M1,case_td003_pa050_pp0_3_gamma_010__steady,cmaes,40,0.06380498977807818,1.1759821765307985,0.163423580239471
M1,case_td003_pa050_pp0_3_gamma_010__steady,cmaes,41,0.06380498977807818,1.1759821765307985,0.163423580239471
M1,case_td003_pa050_pp0_3_gamma_010__steady,cmaes,42,0.06380498977807818,1.1759821765307985,0.163423580239471
M1,case_td003_pa050_pp0_3_gamma_010__steady,cmaes,43,0.06380498977807818,1.1759821765307985,0.163423580239471
M1,case_td003_pa050_pp0_3_gamma_010__steady,cmaes,44,0.06380498977807818,1.1759821765307985,0.163423580239471
M1,case_td003_pa050_pp0_3_gamma_010__steady,cmaes,45,0.06380498977807818,1.1759821765307985,0.163423580239471
M1,case_td003_pa050_pp0_3_gamma_010__steady,cmaes,46,0.06380498977807818,1.1759821765307985,0.163423580239471
M1,case_td003_pa050_pp0_3_gamma_010__steady,cmaes,47,0.06380498977807818,1.1759821765307985,0.163423580239471
M1,case_td003_pa050_pp0_3_gamma_010__steady,cmaes,48,0.06380498977807818,1.1759821765307985,0.163423580239471
M1,case_td003_pa050_pp0_3_gamma_010__steady,cmaes,49,0.06380498977807818,1.1759821765307985,0.163423580239471
M1,case_td003_pa050_pp0_3_gamma_010__steady,cmaes,50,0.06380498977807818,1.1759821765307985,0.163423580239471
M1,case_td003_pa050_pp0_3_gamma_010__steady,cmaes,51,0.06380498977807818,1.1759821765307985,0.163423580239471
M1,case_td003_pa050_pp0_3_gamma_010__steady,cmaes,52,0.06380498977807818,1.1759821765307985,0.163423580239471
M1,case_td003_pa050_pp0_3_gamma_010__steady,cmaes,53,0.06380498977807818,1.1759821765307985,0.163423580239471
M1,case_td003_pa050_pp0_3_gamma_010__steady,cmaes,54,0.06380498977807818,1.1759821765307985,0.163423580239471
M1,case_td003_pa050_pp0_3_gamma_010__steady,cmaes,55,0.06380498977807818,1.1759821765307985,0.163423580239471
M1,case_td003_pa050_pp0_3_gamma_010__steady,cmaes,56,0.06380498977807818,1.1759821765307985,0.163423580239471
M1,case_td003_pa050_pp0_3_gamma_010__steady,cmaes,57,0.05859685568401163,1.0799916765885993,0.06845818591590702
M1,case_td003_pa050_pp0_3_gamma_010__steady,cmaes,58,0.05859685568401163,1.0799916765885993,0.06845818591590702
M1,case_td003_pa050_pp0_3_gamma_010__steady,cmaes,59,0.05859685568401163,1.0799916765885993,0.06845818591590702
M1,case_td003_pa050_pp0_3_gamma_010__steady,cmaes,60,0.05859685568401163,1.0799916765885993,0.06845818591590702
M1,case_td003_pa050_pp0_3_gamma_010__steady,cmaes,61,0.05859685568401163,1.0799916765885993,0.06845818591590702
M1,case_td003_pa050_pp0_3_gamma_010__steady,cmaes,62,0.05859685568401163,1.0799916765885993,0.06845818591590702
M1,case_td003_pa050_pp0_3_gamma_010__steady,cmaes,63,0.05859685568401163,1.0799916765885993,0.06845818591590702
M1,case_td003_pa050_pp0_3_gamma_010__steady,cmaes,64,0.05859685568401163,1.0799916765885993,0.06845818591590702
M1,case_td003_pa050_pp0_3_gamma_010__steady,cmaes,65,0.05859685568401163,1.0799916765885993,0.06845818591590702
M1,case_td003_pa050_pp0_3_gamma_010__steady,cmaes,66,0.05859685568401163,1.0799916765885993,0.06845818591590702
M1,case_td003_pa050_pp0_3_gamma_010__steady,cmaes,67,0.05859685568401163,1.0799916765885993,0.06845818591590702
M1,case_td003_pa050_pp0_3_gamma_010__steady,cmaes,68,0.05859685568401163,1.0799916765885993,0.06845818591590702
M1,case_td003_pa050_pp0_3_gamma_010__steady,cmaes,69,0.05859685568401163,1.0799916765885993,0.06845818591590702
M1,case_td003_pa050_pp0_3_gamma_010__steady,cmaes,70,0.05859685568401163,1.0799916765885993,0.06845818591590702
M1,case_td003_pa050_pp0_3_gamma_010__steady,cmaes,71,0.05859685568401163,1.0799916765885993,0.06845818591590702
M1,case_td003_pa050_pp0_3_gamma_010__steady,cmaes,72,0.05859685568401163,1.0799916765885993,0.06845818591590702
M1,case_td003_pa050_pp0_3_gamma_010__steady,cmaes,73,0.05859685568401163,1.0799916765885993,0.06845818591590702
M1,case_td003_pa050_pp0_3_gamma_010__steady,cmaes,74,0.05495556431532963,1.012879468530591,0.00206268525707598
M1,case_td003_pa050_pp0_3_gamma_010__steady,cmaes,75,0.05495556431532963,1.012879468530591,0.00206268525707598
M1,case_td003_pa050_pp0_3_gamma_010__steady,cmaes,76,0.05495556431532963,1.012879468530591,0.00206268525707598
M1,case_td003_pa050_pp0_3_gamma_010__steady,cmaes,77,0.05495556431532963,1.012879468530591,0.00206268525707598
M1,case_td003_pa050_pp0_3_gamma_010__steady,cmaes,78,0.05495556431532963,1.012879468530591,0.00206268525707598
M1,case_td003_pa050_pp0_3_gamma_010__steady,cmaes,79,0.05495556431532963,1.012879468530591,0.00206268525707598
M1,case_td003_pa050_pp0_3_gamma_010__steady,cmaes,80,0.05495556431532963,1.012879468530591,0.00206268525707598
M1,case_td003_pa050_pp0_3_gamma_010__steady,cmaes,81,0.05495556431532963,1.012879468530591,0.00206268525707598
M1,case_td003_pa050_pp0_3_gamma_010__steady,cmaes,82,0.05495556431532963,1.012879468530591,0.00206268525707598
M1,case_td003_pa050_pp0_3_gamma_010__steady,cmaes,83,0.05495556431532963,1.012879468530591,0.00206268525707598
M1,case_td003_pa050_pp0_3_gamma_010__steady,cmaes,84,0.05495556431532963,1.012879468530591,0.00206268525707598
M1,case_td003_pa050_pp0_3_gamma_010__steady,cmaes,85,0.05495556431532963,1.012879468530591,0.00206268525707598
M1,case_td003_pa050_pp0_3_gamma_010__steady,cmaes,86,0.05495556431532963,1.012879468530591,0.00206268525707598
M1,case_td003_pa050_pp0_3_gamma_010__steady,cmaes,87,0.05495556431532963,1.012879468530591,0.00206268525707598
M1,case_td003_pa050_pp0_3_gamma_010__steady,cmaes,88,0.05495556431532963,1.012879468530591,0.00206268525707598
M1,case_td003_pa050_pp0_3_gamma_010__steady,cmaes,89,0.05495556431532963,1.012879468530591,0.00206268525707598
M1,case_td003_pa050_pp0_3_gamma_010__steady,cmaes,90,0.05495556431532963,1.012879468530591,0.00206268525707598
M1,case_td003_pa050_pp0_3_gamma_010__steady,cmaes,91,0.05495556431532963,1.012879468530591,0.00206268525707598
M1,case_td003_pa050_pp0_3_gamma_010__steady,cmaes,92,0.05495556431532963,1.012879468530591,0.00206268525707598
M1,case_td003_pa050_pp0_3_gamma_010__steady,cmaes,93,0.05493880777311972,1.012570630694433,0.0017571455743945474
M1,case_td003_pa050_pp0_3_gamma_010__steady,cmaes,94,0.05493880777311972,1.012570630694433,0.0017571455743945474
M1,case_td003_pa050_pp0_3_gamma_010__steady,cmaes,95,0.05493880777311972,1.012570630694433,0.0017571455743945474
M1,case_td003_pa050_pp0_3_gamma_010__steady,cmaes,96,0.05493880777311972,1.012570630694433,0.0017571455743945474
M1,case_td003_pa050_pp0_3_gamma_010__steady,cmaes,97,0.05493880777311972,1.012570630694433,0.0017571455743945474
M1,case_td003_pa050_pp0_3_gamma_010__steady,cmaes,98,0.05493880777311972,1.012570630694433,0.0017571455743945474
M1,case_td003_pa050_pp0_3_gamma_010__steady,cmaes,99,0.05493880777311972,1.012570630694433,0.0017571455743945474
M1,case_td003_pa050_pp0_3_gamma_010__steady,cmaes,100,0.05493880777311972,1.012570630694433,0.0017571455743945474
M1,case_td003_pa050_pp0_3_gamma_010__steady,tpe,1,0.5628434392461068,10.373700474412228,9.262917233896095
M1,case_td003_pa050_pp0_3_gamma_010__steady,tpe,2,0.5628434392461068,10.373700474412228,9.262917233896095
M1,case_td003_pa050_pp0_3_gamma_010__steady,tpe,3,0.5628434392461068,10.373700474412228,9.262917233896095
M1,case_td003_pa050_pp0_3_gamma_010__steady,tpe,4,0.11138711025406546,2.052962578783401,1.0310384980084675
M1,case_td003_pa050_pp0_3_gamma_010__steady,tpe,5,0.11138711025406546,2.052962578783401,1.0310384980084675
M1,case_td003_pa050_pp0_3_gamma_010__steady,tpe,6,0.06462440832556486,1.191084782303712,0.17836490165567032
M1,case_td003_pa050_pp0_3_gamma_010__steady,tpe,7,0.06462440832556486,1.191084782303712,0.17836490165567032
M1,case_td003_pa050_pp0_3_gamma_010__steady,tpe,8,0.06462440832556486,1.191084782303712,0.17836490165567032
M1,case_td003_pa050_pp0_3_gamma_010__steady,tpe,9,0.06462440832556486,1.191084782303712,0.17836490165567032
M1,case_td003_pa050_pp0_3_gamma_010__steady,tpe,10,0.06462440832556486,1.191084782303712,0.17836490165567032
M1,case_td003_pa050_pp0_3_gamma_010__steady,tpe,11,0.06462440832556486,1.191084782303712,0.17836490165567032
M1,case_td003_pa050_pp0_3_gamma_010__steady,tpe,12,0.06462440832556486,1.191084782303712,0.17836490165567032
M1,case_td003_pa050_pp0_3_gamma_010__steady,tpe,13,0.06462440832556486,1.191084782303712,0.17836490165567032
M1,case_td003_pa050_pp0_3_gamma_010__steady,tpe,14,0.06462440832556486,1.191084782303712,0.17836490165567032
M1,case_td003_pa050_pp0_3_gamma_010__steady,tpe,15,0.06462440832556486,1.191084782303712,0.17836490165567032
M1,case_td003_pa050_pp0_3_gamma_010__steady,tpe,16,0.06462440832556486,1.191084782303712,0.17836490165567032
M1,case_td003_pa050_pp0_3_gamma_010__steady,tpe,17,0.06462440832556486,1.191084782303712,0.17836490165567032
M1,case_td003_pa050_pp0_3_gamma_010__steady,tpe,18,0.06462440832556486,1.191084782303712,0.17836490165567032
M1,case_td003_pa050_pp0_3_gamma_010__steady,tpe,19,0.06462440832556486,1.191084782303712,0.17836490165567032
M1,case_td003_pa050_pp0_3_gamma_010__steady,tpe,20,0.06462440832556486,1.191084782303712,0.17836490165567032
M1,case_td003_pa050_pp0_3_gamma_010__steady,tpe,21,0.06462440832556486,1.191084782303712,0.17836490165567032
M1,case_td003_pa050_pp0_3_gamma_010__steady,tpe,22,0.06462440832556486,1.191084782303712,0.17836490165567032
M1,case_td003_pa050_pp0_3_gamma_010__steady,tpe,23,0.06462440832556486,1.191084782303712,0.17836490165567032
M1,case_td003_pa050_pp0_3_gamma_010__steady,tpe,24,0.05860056251030821,1.0800599966631175,0.06852577638392976
M1,case_td003_pa050_pp0_3_gamma_010__steady,tpe,25,0.05860056251030821,1.0800599966631175,0.06852577638392976
M1,case_td003_pa050_pp0_3_gamma_010__steady,tpe,26,0.05860056251030821,1.0800599966631175,0.06852577638392976
M1,case_td003_pa050_pp0_3_gamma_010__steady,tpe,27,0.05860056251030821,1.0800599966631175,0.06852577638392976
M1,case_td003_pa050_pp0_3_gamma_010__steady,tpe,28,0.05860056251030821,1.0800599966631175,0.06852577638392976
M1,case_td003_pa050_pp0_3_gamma_010__steady,tpe,29,0.05860056251030821,1.0800599966631175,0.06852577638392976
M1,case_td003_pa050_pp0_3_gamma_010__steady,tpe,30,0.05860056251030821,1.0800599966631175,0.06852577638392976
M1,case_td003_pa050_pp0_3_gamma_010__steady,tpe,31,0.05860056251030821,1.0800599966631175,0.06852577638392976
M1,case_td003_pa050_pp0_3_gamma_010__steady,tpe,32,0.05860056251030821,1.0800599966631175,0.06852577638392976
M1,case_td003_pa050_pp0_3_gamma_010__steady,tpe,33,0.05860056251030821,1.0800599966631175,0.06852577638392976
M1,case_td003_pa050_pp0_3_gamma_010__steady,tpe,34,0.05860056251030821,1.0800599966631175,0.06852577638392976
M1,case_td003_pa050_pp0_3_gamma_010__steady,tpe,35,0.05860056251030821,1.0800599966631175,0.06852577638392976
M1,case_td003_pa050_pp0_3_gamma_010__steady,tpe,36,0.05860056251030821,1.0800599966631175,0.06852577638392976
M1,case_td003_pa050_pp0_3_gamma_010__steady,tpe,37,0.05848139776068384,1.077863685338307,0.06635291999560455
M1,case_td003_pa050_pp0_3_gamma_010__steady,tpe,38,0.05848139776068384,1.077863685338307,0.06635291999560455
M1,case_td003_pa050_pp0_3_gamma_010__steady,tpe,39,0.05848139776068384,1.077863685338307,0.06635291999560455
M1,case_td003_pa050_pp0_3_gamma_010__steady,tpe,40,0.05848139776068384,1.077863685338307,0.06635291999560455
M1,case_td003_pa050_pp0_3_gamma_010__steady,tpe,41,0.05848139776068384,1.077863685338307,0.06635291999560455
M1,case_td003_pa050_pp0_3_gamma_010__steady,tpe,42,0.05848139776068384,1.077863685338307,0.06635291999560455
M1,case_td003_pa050_pp0_3_gamma_010__steady,tpe,43,0.05848139776068384,1.077863685338307,0.06635291999560455
M1,case_td003_pa050_pp0_3_gamma_010__steady,tpe,44,0.05848139776068384,1.077863685338307,0.06635291999560455
M1,case_td003_pa050_pp0_3_gamma_010__steady,tpe,45,0.05848139776068384,1.077863685338307,0.06635291999560455
M1,case_td003_pa050_pp0_3_gamma_010__steady,tpe,46,0.05848139776068384,1.077863685338307,0.06635291999560455
M1,case_td003_pa050_pp0_3_gamma_010__steady,tpe,47,0.05848139776068384,1.077863685338307,0.06635291999560455
M1,case_td003_pa050_pp0_3_gamma_010__steady,tpe,48,0.05848139776068384,1.077863685338307,0.06635291999560455
M1,case_td003_pa050_pp0_3_gamma_010__steady,tpe,49,0.05848139776068384,1.077863685338307,0.06635291999560455
M1,case_td003_pa050_pp0_3_gamma_010__steady,tpe,50,0.05848139776068384,1.077863685338307,0.06635291999560455
M1,case_td003_pa050_pp0_3_gamma_010__steady,tpe,51,0.05848139776068384,1.077863685338307,0.06635291999560455
M1,case_td003_pa050_pp0_3_gamma_010__steady,tpe,52,0.05848139776068384,1.077863685338307,0.06635291999560455
M1,case_td003_pa050_pp0_3_gamma_010__steady,tpe,53,0.05848139776068384,1.077863685338307,0.06635291999560455
M1,case_td003_pa050_pp0_3_gamma_010__steady,tpe,54,0.05848139776068384,1.077863685338307,0.06635291999560455
M1,case_td003_pa050_pp0_3_gamma_010__steady,tpe,55,0.05848139776068384,1.077863685338307,0.06635291999560455
M1,case_td003_pa050_pp0_3_gamma_010__steady,tpe,56,0.05848139776068384,1.077863685338307,0.06635291999560455
M1,case_td003_pa050_pp0_3_gamma_010__steady,tpe,57,0.05848139776068384,1.077863685338307,0.06635291999560455
M1,case_td003_pa050_pp0_3_gamma_010__steady,tpe,58,0.05848139776068384,1.077863685338307,0.06635291999560455
M1,case_td003_pa050_pp0_3_gamma_010__steady,tpe,59,0.05848139776068384,1.077863685338307,0.06635291999560455
M1,case_td003_pa050_pp0_3_gamma_010__steady,tpe,60,0.05848139776068384,1.077863685338307,0.06635291999560455
M1,case_td003_pa050_pp0_3_gamma_010__steady,tpe,61,0.05848139776068384,1.077863685338307,0.06635291999560455
M1,case_td003_pa050_pp0_3_gamma_010__steady,tpe,62,0.05848139776068384,1.077863685338307,0.06635291999560455
M1,case_td003_pa050_pp0_3_gamma_010__steady,tpe,63,0.056632787888874,1.0437921766966087,0.03264526918322308
M1,case_td003_pa050_pp0_3_gamma_010__steady,tpe,64,0.056632787888874,1.0437921766966087,0.03264526918322308
M1,case_td003_pa050_pp0_3_gamma_010__steady,tpe,65,0.056632787888874,1.0437921766966087,0.03264526918322308
M1,case_td003_pa050_pp0_3_gamma_010__steady,tpe,66,0.054842441619538954,1.010794517581243,0.0
M1,case_td003_pa050_pp0_3_gamma_010__steady,tpe,67,0.054842441619538954,1.010794517581243,0.0
M1,case_td003_pa050_pp0_3_gamma_010__steady,tpe,68,0.054842441619538954,1.010794517581243,0.0
M1,case_td003_pa050_pp0_3_gamma_010__steady,tpe,69,0.054842441619538954,1.010794517581243,0.0
M1,case_td003_pa050_pp0_3_gamma_010__steady,tpe,70,0.054842441619538954,1.010794517581243,0.0
M1,case_td003_pa050_pp0_3_gamma_010__steady,tpe,71,0.054842441619538954,1.010794517581243,0.0
M1,case_td003_pa050_pp0_3_gamma_010__steady,tpe,72,0.054842441619538954,1.010794517581243,0.0
M1,case_td003_pa050_pp0_3_gamma_010__steady,tpe,73,0.054842441619538954,1.010794517581243,0.0
M1,case_td003_pa050_pp0_3_gamma_010__steady,tpe,74,0.054842441619538954,1.010794517581243,0.0
M1,case_td003_pa050_pp0_3_gamma_010__steady,tpe,75,0.054842441619538954,1.010794517581243,0.0
M1,case_td003_pa050_pp0_3_gamma_010__steady,tpe,76,0.054842441619538954,1.010794517581243,0.0
M1,case_td003_pa050_pp0_3_gamma_010__steady,tpe,77,0.054842441619538954,1.010794517581243,0.0
M1,case_td003_pa050_pp0_3_gamma_010__steady,tpe,78,0.054842441619538954,1.010794517581243,0.0
M1,case_td003_pa050_pp0_3_gamma_010__steady,tpe,79,0.054842441619538954,1.010794517581243,0.0
M1,case_td003_pa050_pp0_3_gamma_010__steady,tpe,80,0.054842441619538954,1.010794517581243,0.0
M1,case_td003_pa050_pp0_3_gamma_010__steady,tpe,81,0.054842441619538954,1.010794517581243,0.0
M1,case_td003_pa050_pp0_3_gamma_010__steady,tpe,82,0.054842441619538954,1.010794517581243,0.0
M1,case_td003_pa050_pp0_3_gamma_010__steady,tpe,83,0.054842441619538954,1.010794517581243,0.0
M1,case_td003_pa050_pp0_3_gamma_010__steady,tpe,84,0.054842441619538954,1.010794517581243,0.0
M1,case_td003_pa050_pp0_3_gamma_010__steady,tpe,85,0.054842441619538954,1.010794517581243,0.0
M1,case_td003_pa050_pp0_3_gamma_010__steady,tpe,86,0.054842441619538954,1.010794517581243,0.0
M1,case_td003_pa050_pp0_3_gamma_010__steady,tpe,87,0.054842441619538954,1.010794517581243,0.0
M1,case_td003_pa050_pp0_3_gamma_010__steady,tpe,88,0.054842441619538954,1.010794517581243,0.0
M1,case_td003_pa050_pp0_3_gamma_010__steady,tpe,89,0.054842441619538954,1.010794517581243,0.0
M1,case_td003_pa050_pp0_3_gamma_010__steady,tpe,90,0.054842441619538954,1.010794517581243,0.0
M1,case_td003_pa050_pp0_3_gamma_010__steady,tpe,91,0.054842441619538954,1.010794517581243,0.0
M1,case_td003_pa050_pp0_3_gamma_010__steady,tpe,92,0.054842441619538954,1.010794517581243,0.0
M1,case_td003_pa050_pp0_3_gamma_010__steady,tpe,93,0.054842441619538954,1.010794517581243,0.0
M1,case_td003_pa050_pp0_3_gamma_010__steady,tpe,94,0.054842441619538954,1.010794517581243,0.0
M1,case_td003_pa050_pp0_3_gamma_010__steady,tpe,95,0.054842441619538954,1.010794517581243,0.0
M1,case_td003_pa050_pp0_3_gamma_010__steady,tpe,96,0.054842441619538954,1.010794517581243,0.0
M1,case_td003_pa050_pp0_3_gamma_010__steady,tpe,97,0.054842441619538954,1.010794517581243,0.0
M1,case_td003_pa050_pp0_3_gamma_010__steady,tpe,98,0.054842441619538954,1.010794517581243,0.0
M1,case_td003_pa050_pp0_3_gamma_010__steady,tpe,99,0.054842441619538954,1.010794517581243,0.0
M1,case_td003_pa050_pp0_3_gamma_010__steady,tpe,100,0.054842441619538954,1.010794517581243,0.0
M1,case_td003_pa050_pp0_3_gamma_010__steady,random,1,0.5628434392461068,10.373700474412228,9.262917233896095
M1,case_td003_pa050_pp0_3_gamma_010__steady,random,2,0.11953036608380183,2.20304995828159,1.1795230583099392
M1,case_td003_pa050_pp0_3_gamma_010__steady,random,3,0.11953036608380183,2.20304995828159,1.1795230583099392
M1,case_td003_pa050_pp0_3_gamma_010__steady,random,4,0.11824892166040743,2.1794318085511697,1.1561571324767272
M1,case_td003_pa050_pp0_3_gamma_010__steady,random,5,0.11824892166040743,2.1794318085511697,1.1561571324767272
M1,case_td003_pa050_pp0_3_gamma_010__steady,random,6,0.11824892166040743,2.1794318085511697,1.1561571324767272
M1,case_td003_pa050_pp0_3_gamma_010__steady,random,7,0.11824892166040743,2.1794318085511697,1.1561571324767272
M1,case_td003_pa050_pp0_3_gamma_010__steady,random,8,0.11824892166040743,2.1794318085511697,1.1561571324767272
M1,case_td003_pa050_pp0_3_gamma_010__steady,random,9,0.11824892166040743,2.1794318085511697,1.1561571324767272
M1,case_td003_pa050_pp0_3_gamma_010__steady,random,10,0.11824892166040743,2.1794318085511697,1.1561571324767272
M1,case_td003_pa050_pp0_3_gamma_010__steady,random,11,0.11824892166040743,2.1794318085511697,1.1561571324767272
M1,case_td003_pa050_pp0_3_gamma_010__steady,random,12,0.11824892166040743,2.1794318085511697,1.1561571324767272
M1,case_td003_pa050_pp0_3_gamma_010__steady,random,13,0.11824892166040743,2.1794318085511697,1.1561571324767272
M1,case_td003_pa050_pp0_3_gamma_010__steady,random,14,0.11824892166040743,2.1794318085511697,1.1561571324767272
M1,case_td003_pa050_pp0_3_gamma_010__steady,random,15,0.11824892166040743,2.1794318085511697,1.1561571324767272
M1,case_td003_pa050_pp0_3_gamma_010__steady,random,16,0.11824892166040743,2.1794318085511697,1.1561571324767272
M1,case_td003_pa050_pp0_3_gamma_010__steady,random,17,0.11824892166040743,2.1794318085511697,1.1561571324767272
M1,case_td003_pa050_pp0_3_gamma_010__steady,random,18,0.06916666630738998,1.2748025988320102,0.26118867550104974
M1,case_td003_pa050_pp0_3_gamma_010__steady,random,19,0.06916666630738998,1.2748025988320102,0.26118867550104974
M1,case_td003_pa050_pp0_3_gamma_010__steady,random,20,0.06916666630738998,1.2748025988320102,0.26118867550104974
M1,case_td003_pa050_pp0_3_gamma_010__steady,random,21,0.05579193848069671,1.0282945812796638,0.017313176312330203
M1,case_td003_pa050_pp0_3_gamma_010__steady,random,22,0.05579193848069671,1.0282945812796638,0.017313176312330203
M1,case_td003_pa050_pp0_3_gamma_010__steady,random,23,0.05579193848069671,1.0282945812796638,0.017313176312330203
M1,case_td003_pa050_pp0_3_gamma_010__steady,random,24,0.05579193848069671,1.0282945812796638,0.017313176312330203
M1,case_td003_pa050_pp0_3_gamma_010__steady,random,25,0.05579193848069671,1.0282945812796638,0.017313176312330203
M1,case_td003_pa050_pp0_3_gamma_010__steady,random,26,0.05579193848069671,1.0282945812796638,0.017313176312330203
M1,case_td003_pa050_pp0_3_gamma_010__steady,random,27,0.05579193848069671,1.0282945812796638,0.017313176312330203
M1,case_td003_pa050_pp0_3_gamma_010__steady,random,28,0.05579193848069671,1.0282945812796638,0.017313176312330203
M1,case_td003_pa050_pp0_3_gamma_010__steady,random,29,0.05579193848069671,1.0282945812796638,0.017313176312330203
M1,case_td003_pa050_pp0_3_gamma_010__steady,random,30,0.05579193848069671,1.0282945812796638,0.017313176312330203
M1,case_td003_pa050_pp0_3_gamma_010__steady,random,31,0.05579193848069671,1.0282945812796638,0.017313176312330203
M1,case_td003_pa050_pp0_3_gamma_010__steady,random,32,0.05579193848069671,1.0282945812796638,0.017313176312330203
M1,case_td003_pa050_pp0_3_gamma_010__steady,random,33,0.05579193848069671,1.0282945812796638,0.017313176312330203
M1,case_td003_pa050_pp0_3_gamma_010__steady,random,34,0.05579193848069671,1.0282945812796638,0.017313176312330203
M1,case_td003_pa050_pp0_3_gamma_010__steady,random,35,0.05579193848069671,1.0282945812796638,0.017313176312330203
M1,case_td003_pa050_pp0_3_gamma_010__steady,random,36,0.05579193848069671,1.0282945812796638,0.017313176312330203
M1,case_td003_pa050_pp0_3_gamma_010__steady,random,37,0.05579193848069671,1.0282945812796638,0.017313176312330203
M1,case_td003_pa050_pp0_3_gamma_010__steady,random,38,0.05579193848069671,1.0282945812796638,0.017313176312330203
M1,case_td003_pa050_pp0_3_gamma_010__steady,random,39,0.05579193848069671,1.0282945812796638,0.017313176312330203
M1,case_td003_pa050_pp0_3_gamma_010__steady,random,40,0.05579193848069671,1.0282945812796638,0.017313176312330203
M1,case_td003_pa050_pp0_3_gamma_010__steady,random,41,0.05579193848069671,1.0282945812796638,0.017313176312330203
M1,case_td003_pa050_pp0_3_gamma_010__steady,random,42,0.05579193848069671,1.0282945812796638,0.017313176312330203
M1,case_td003_pa050_pp0_3_gamma_010__steady,random,43,0.05579193848069671,1.0282945812796638,0.017313176312330203
M1,case_td003_pa050_pp0_3_gamma_010__steady,random,44,0.05579193848069671,1.0282945812796638,0.017313176312330203
M1,case_td003_pa050_pp0_3_gamma_010__steady,random,45,0.05579193848069671,1.0282945812796638,0.017313176312330203
M1,case_td003_pa050_pp0_3_gamma_010__steady,random,46,0.05579193848069671,1.0282945812796638,0.017313176312330203
M1,case_td003_pa050_pp0_3_gamma_010__steady,random,47,0.05579193848069671,1.0282945812796638,0.017313176312330203
M1,case_td003_pa050_pp0_3_gamma_010__steady,random,48,0.05579193848069671,1.0282945812796638,0.017313176312330203
M1,case_td003_pa050_pp0_3_gamma_010__steady,random,49,0.05579193848069671,1.0282945812796638,0.017313176312330203
M1,case_td003_pa050_pp0_3_gamma_010__steady,random,50,0.05579193848069671,1.0282945812796638,0.017313176312330203
M1,case_td003_pa050_pp0_3_gamma_010__steady,random,51,0.05579193848069671,1.0282945812796638,0.017313176312330203
M1,case_td003_pa050_pp0_3_gamma_010__steady,random,52,0.05579193848069671,1.0282945812796638,0.017313176312330203
M1,case_td003_pa050_pp0_3_gamma_010__steady,random,53,0.05579193848069671,1.0282945812796638,0.017313176312330203
M1,case_td003_pa050_pp0_3_gamma_010__steady,random,54,0.05579193848069671,1.0282945812796638,0.017313176312330203
M1,case_td003_pa050_pp0_3_gamma_010__steady,random,55,0.05579193848069671,1.0282945812796638,0.017313176312330203
M1,case_td003_pa050_pp0_3_gamma_010__steady,random,56,0.05579193848069671,1.0282945812796638,0.017313176312330203
M1,case_td003_pa050_pp0_3_gamma_010__steady,random,57,0.05579193848069671,1.0282945812796638,0.017313176312330203
M1,case_td003_pa050_pp0_3_gamma_010__steady,random,58,0.05579193848069671,1.0282945812796638,0.017313176312330203
M1,case_td003_pa050_pp0_3_gamma_010__steady,random,59,0.05579193848069671,1.0282945812796638,0.017313176312330203
M1,case_td003_pa050_pp0_3_gamma_010__steady,random,60,0.05579193848069671,1.0282945812796638,0.017313176312330203
M1,case_td003_pa050_pp0_3_gamma_010__steady,random,61,0.05579193848069671,1.0282945812796638,0.017313176312330203
M1,case_td003_pa050_pp0_3_gamma_010__steady,random,62,0.05579193848069671,1.0282945812796638,0.017313176312330203
M1,case_td003_pa050_pp0_3_gamma_010__steady,random,63,0.05579193848069671,1.0282945812796638,0.017313176312330203
M1,case_td003_pa050_pp0_3_gamma_010__steady,random,64,0.05579193848069671,1.0282945812796638,0.017313176312330203
M1,case_td003_pa050_pp0_3_gamma_010__steady,random,65,0.05579193848069671,1.0282945812796638,0.017313176312330203
M1,case_td003_pa050_pp0_3_gamma_010__steady,random,66,0.05579193848069671,1.0282945812796638,0.017313176312330203
M1,case_td003_pa050_pp0_3_gamma_010__steady,random,67,0.05579193848069671,1.0282945812796638,0.017313176312330203
M1,case_td003_pa050_pp0_3_gamma_010__steady,random,68,0.05579193848069671,1.0282945812796638,0.017313176312330203
M1,case_td003_pa050_pp0_3_gamma_010__steady,random,69,0.05579193848069671,1.0282945812796638,0.017313176312330203
M1,case_td003_pa050_pp0_3_gamma_010__steady,random,70,0.05579193848069671,1.0282945812796638,0.017313176312330203
M1,case_td003_pa050_pp0_3_gamma_010__steady,random,71,0.05579193848069671,1.0282945812796638,0.017313176312330203
M1,case_td003_pa050_pp0_3_gamma_010__steady,random,72,0.05579193848069671,1.0282945812796638,0.017313176312330203
M1,case_td003_pa050_pp0_3_gamma_010__steady,random,73,0.05579193848069671,1.0282945812796638,0.017313176312330203
M1,case_td003_pa050_pp0_3_gamma_010__steady,random,74,0.05579193848069671,1.0282945812796638,0.017313176312330203
M1,case_td003_pa050_pp0_3_gamma_010__steady,random,75,0.05579193848069671,1.0282945812796638,0.017313176312330203
M1,case_td003_pa050_pp0_3_gamma_010__steady,random,76,0.05579193848069671,1.0282945812796638,0.017313176312330203
M1,case_td003_pa050_pp0_3_gamma_010__steady,random,77,0.05579193848069671,1.0282945812796638,0.017313176312330203
M1,case_td003_pa050_pp0_3_gamma_010__steady,random,78,0.05579193848069671,1.0282945812796638,0.017313176312330203
M1,case_td003_pa050_pp0_3_gamma_010__steady,random,79,0.05579193848069671,1.0282945812796638,0.017313176312330203
M1,case_td003_pa050_pp0_3_gamma_010__steady,random,80,0.05579193848069671,1.0282945812796638,0.017313176312330203
M1,case_td003_pa050_pp0_3_gamma_010__steady,random,81,0.05579193848069671,1.0282945812796638,0.017313176312330203
M1,case_td003_pa050_pp0_3_gamma_010__steady,random,82,0.05579193848069671,1.0282945812796638,0.017313176312330203
M1,case_td003_pa050_pp0_3_gamma_010__steady,random,83,0.05579193848069671,1.0282945812796638,0.017313176312330203
M1,case_td003_pa050_pp0_3_gamma_010__steady,random,84,0.05579193848069671,1.0282945812796638,0.017313176312330203
M1,case_td003_pa050_pp0_3_gamma_010__steady,random,85,0.05579193848069671,1.0282945812796638,0.017313176312330203
M1,case_td003_pa050_pp0_3_gamma_010__steady,random,86,0.05579193848069671,1.0282945812796638,0.017313176312330203
M1,case_td003_pa050_pp0_3_gamma_010__steady,random,87,0.05579193848069671,1.0282945812796638,0.017313176312330203
M1,case_td003_pa050_pp0_3_gamma_010__steady,random,88,0.05579193848069671,1.0282945812796638,0.017313176312330203
M1,case_td003_pa050_pp0_3_gamma_010__steady,random,89,0.05579193848069671,1.0282945812796638,0.017313176312330203
M1,case_td003_pa050_pp0_3_gamma_010__steady,random,90,0.05579193848069671,1.0282945812796638,0.017313176312330203
M1,case_td003_pa050_pp0_3_gamma_010__steady,random,91,0.05579193848069671,1.0282945812796638,0.017313176312330203
M1,case_td003_pa050_pp0_3_gamma_010__steady,random,92,0.05579193848069671,1.0282945812796638,0.017313176312330203
M1,case_td003_pa050_pp0_3_gamma_010__steady,random,93,0.05579193848069671,1.0282945812796638,0.017313176312330203
M1,case_td003_pa050_pp0_3_gamma_010__steady,random,94,0.05579193848069671,1.0282945812796638,0.017313176312330203
M1,case_td003_pa050_pp0_3_gamma_010__steady,random,95,0.05579193848069671,1.0282945812796638,0.017313176312330203
M1,case_td003_pa050_pp0_3_gamma_010__steady,random,96,0.05579193848069671,1.0282945812796638,0.017313176312330203
M1,case_td003_pa050_pp0_3_gamma_010__steady,random,97,0.05579193848069671,1.0282945812796638,0.017313176312330203
M1,case_td003_pa050_pp0_3_gamma_010__steady,random,98,0.05579193848069671,1.0282945812796638,0.017313176312330203
M1,case_td003_pa050_pp0_3_gamma_010__steady,random,99,0.05579193848069671,1.0282945812796638,0.017313176312330203
M1,case_td003_pa050_pp0_3_gamma_010__steady,random,100,0.05579193848069671,1.0282945812796638,0.017313176312330203
M2,case_td016_pp0_1_gamma_007__steady,cmaes,1,1.7278961645927335,37.305875593220016,39.57264076538961
M2,case_td016_pp0_1_gamma_007__steady,cmaes,2,1.7278961645927335,37.305875593220016,39.57264076538961
M2,case_td016_pp0_1_gamma_007__steady,cmaes,3,1.7278961645927335,37.305875593220016,39.57264076538961
M2,case_td016_pp0_1_gamma_007__steady,cmaes,4,1.1792277993101306,25.459935891170478,26.689387164794034
M2,case_td016_pp0_1_gamma_007__steady,cmaes,5,0.31005563444644174,6.694208345767226,6.280400368644549
M2,case_td016_pp0_1_gamma_007__steady,cmaes,6,0.31005563444644174,6.694208345767226,6.280400368644549
M2,case_td016_pp0_1_gamma_007__steady,cmaes,7,0.31005563444644174,6.694208345767226,6.280400368644549
M2,case_td016_pp0_1_gamma_007__steady,cmaes,8,0.31005563444644174,6.694208345767226,6.280400368644549
M2,case_td016_pp0_1_gamma_007__steady,cmaes,9,0.31005563444644174,6.694208345767226,6.280400368644549
M2,case_td016_pp0_1_gamma_007__steady,cmaes,10,0.31005563444644174,6.694208345767226,6.280400368644549
M2,case_td016_pp0_1_gamma_007__steady,cmaes,11,0.31005563444644174,6.694208345767226,6.280400368644549
M2,case_td016_pp0_1_gamma_007__steady,cmaes,12,0.15440361275346728,3.33362738257032,2.6255432713465856
M2,case_td016_pp0_1_gamma_007__steady,cmaes,13,0.15440361275346728,3.33362738257032,2.6255432713465856
M2,case_td016_pp0_1_gamma_007__steady,cmaes,14,0.15440361275346728,3.33362738257032,2.6255432713465856
M2,case_td016_pp0_1_gamma_007__steady,cmaes,15,0.15440361275346728,3.33362738257032,2.6255432713465856
M2,case_td016_pp0_1_gamma_007__steady,cmaes,16,0.15440361275346728,3.33362738257032,2.6255432713465856
M2,case_td016_pp0_1_gamma_007__steady,cmaes,17,0.15440361275346728,3.33362738257032,2.6255432713465856
M2,case_td016_pp0_1_gamma_007__steady,cmaes,18,0.15440361275346728,3.33362738257032,2.6255432713465856
M2,case_td016_pp0_1_gamma_007__steady,cmaes,19,0.15440361275346728,3.33362738257032,2.6255432713465856
M2,case_td016_pp0_1_gamma_007__steady,cmaes,20,0.15440361275346728,3.33362738257032,2.6255432713465856
M2,case_td016_pp0_1_gamma_007__steady,cmaes,21,0.15440361275346728,3.33362738257032,2.6255432713465856
M2,case_td016_pp0_1_gamma_007__steady,cmaes,22,0.15440361275346728,3.33362738257032,2.6255432713465856
M2,case_td016_pp0_1_gamma_007__steady,cmaes,23,0.15440361275346728,3.33362738257032,2.6255432713465856
M2,case_td016_pp0_1_gamma_007__steady,cmaes,24,0.15440361275346728,3.33362738257032,2.6255432713465856
M2,case_td016_pp0_1_gamma_007__steady,cmaes,25,0.15440361275346728,3.33362738257032,2.6255432713465856
M2,case_td016_pp0_1_gamma_007__steady,cmaes,26,0.15440361275346728,3.33362738257032,2.6255432713465856
M2,case_td016_pp0_1_gamma_007__steady,cmaes,27,0.15440361275346728,3.33362738257032,2.6255432713465856
M2,case_td016_pp0_1_gamma_007__steady,cmaes,28,0.04856812132162586,1.0486025311874287,0.1404255529999643
M2,case_td016_pp0_1_gamma_007__steady,cmaes,29,0.04856812132162586,1.0486025311874287,0.1404255529999643
M2,case_td016_pp0_1_gamma_007__steady,cmaes,30,0.04856812132162586,1.0486025311874287,0.1404255529999643
M2,case_td016_pp0_1_gamma_007__steady,cmaes,31,0.04856812132162586,1.0486025311874287,0.1404255529999643
M2,case_td016_pp0_1_gamma_007__steady,cmaes,32,0.04856812132162586,1.0486025311874287,0.1404255529999643
M2,case_td016_pp0_1_gamma_007__steady,cmaes,33,0.04856812132162586,1.0486025311874287,0.1404255529999643
M2,case_td016_pp0_1_gamma_007__steady,cmaes,34,0.04856812132162586,1.0486025311874287,0.1404255529999643
M2,case_td016_pp0_1_gamma_007__steady,cmaes,35,0.04856812132162586,1.0486025311874287,0.1404255529999643
M2,case_td016_pp0_1_gamma_007__steady,cmaes,36,0.04856812132162586,1.0486025311874287,0.1404255529999643
M2,case_td016_pp0_1_gamma_007__steady,cmaes,37,0.04856812132162586,1.0486025311874287,0.1404255529999643
M2,case_td016_pp0_1_gamma_007__steady,cmaes,38,0.04856812132162586,1.0486025311874287,0.1404255529999643
M2,case_td016_pp0_1_gamma_007__steady,cmaes,39,0.04856812132162586,1.0486025311874287,0.1404255529999643
M2,case_td016_pp0_1_gamma_007__steady,cmaes,40,0.04283713961590478,0.924868654741767,0.005856667007879013
M2,case_td016_pp0_1_gamma_007__steady,cmaes,41,0.04283713961590478,0.924868654741767,0.005856667007879013
M2,case_td016_pp0_1_gamma_007__steady,cmaes,42,0.04283713961590478,0.924868654741767,0.005856667007879013
M2,case_td016_pp0_1_gamma_007__steady,cmaes,43,0.04283713961590478,0.924868654741767,0.005856667007879013
M2,case_td016_pp0_1_gamma_007__steady,cmaes,44,0.04283713961590478,0.924868654741767,0.005856667007879013
M2,case_td016_pp0_1_gamma_007__steady,cmaes,45,0.04283713961590478,0.924868654741767,0.005856667007879013
M2,case_td016_pp0_1_gamma_007__steady,cmaes,46,0.04283713961590478,0.924868654741767,0.005856667007879013
M2,case_td016_pp0_1_gamma_007__steady,cmaes,47,0.04283713961590478,0.924868654741767,0.005856667007879013
M2,case_td016_pp0_1_gamma_007__steady,cmaes,48,0.04283713961590478,0.924868654741767,0.005856667007879013
M2,case_td016_pp0_1_gamma_007__steady,cmaes,49,0.04283713961590478,0.924868654741767,0.005856667007879013
M2,case_td016_pp0_1_gamma_007__steady,cmaes,50,0.04283713961590478,0.924868654741767,0.005856667007879013
M2,case_td016_pp0_1_gamma_007__steady,cmaes,51,0.04283713961590478,0.924868654741767,0.005856667007879013
M2,case_td016_pp0_1_gamma_007__steady,cmaes,52,0.04283713961590478,0.924868654741767,0.005856667007879013
M2,case_td016_pp0_1_gamma_007__steady,cmaes,53,0.04283713961590478,0.924868654741767,0.005856667007879013
M2,case_td016_pp0_1_gamma_007__steady,cmaes,54,0.04283713961590478,0.924868654741767,0.005856667007879013
M2,case_td016_pp0_1_gamma_007__steady,cmaes,55,0.04283713961590478,0.924868654741767,0.005856667007879013
M2,case_td016_pp0_1_gamma_007__steady,cmaes,56,0.04283713961590478,0.924868654741767,0.005856667007879013
M2,case_td016_pp0_1_gamma_007__steady,cmaes,57,0.04283713961590478,0.924868654741767,0.005856667007879013
M2,case_td016_pp0_1_gamma_007__steady,cmaes,58,0.04283713961590478,0.924868654741767,0.005856667007879013
M2,case_td016_pp0_1_gamma_007__steady,cmaes,59,0.04283713961590478,0.924868654741767,0.005856667007879013
M2,case_td016_pp0_1_gamma_007__steady,cmaes,60,0.04283713961590478,0.924868654741767,0.005856667007879013
M2,case_td016_pp0_1_gamma_007__steady,cmaes,61,0.04283713961590478,0.924868654741767,0.005856667007879013
M2,case_td016_pp0_1_gamma_007__steady,cmaes,62,0.04283713961590478,0.924868654741767,0.005856667007879013
M2,case_td016_pp0_1_gamma_007__steady,cmaes,63,0.04283713961590478,0.924868654741767,0.005856667007879013
M2,case_td016_pp0_1_gamma_007__steady,cmaes,64,0.04283713961590478,0.924868654741767,0.005856667007879013
M2,case_td016_pp0_1_gamma_007__steady,cmaes,65,0.04283713961590478,0.924868654741767,0.005856667007879013
M2,case_td016_pp0_1_gamma_007__steady,cmaes,66,0.04258771753567274,0.9194835457948229,0.0
M2,case_td016_pp0_1_gamma_007__steady,cmaes,67,0.04258771753567274,0.9194835457948229,0.0
M2,case_td016_pp0_1_gamma_007__steady,cmaes,68,0.04258771753567274,0.9194835457948229,0.0
M2,case_td016_pp0_1_gamma_007__steady,cmaes,69,0.04258771753567274,0.9194835457948229,0.0
M2,case_td016_pp0_1_gamma_007__steady,cmaes,70,0.04258771753567274,0.9194835457948229,0.0
M2,case_td016_pp0_1_gamma_007__steady,cmaes,71,0.04258771753567274,0.9194835457948229,0.0
M2,case_td016_pp0_1_gamma_007__steady,cmaes,72,0.04258771753567274,0.9194835457948229,0.0
M2,case_td016_pp0_1_gamma_007__steady,cmaes,73,0.04258771753567274,0.9194835457948229,0.0
M2,case_td016_pp0_1_gamma_007__steady,cmaes,74,0.04258771753567274,0.9194835457948229,0.0
M2,case_td016_pp0_1_gamma_007__steady,cmaes,75,0.04258771753567274,0.9194835457948229,0.0
M2,case_td016_pp0_1_gamma_007__steady,cmaes,76,0.04258771753567274,0.9194835457948229,0.0
M2,case_td016_pp0_1_gamma_007__steady,cmaes,77,0.04258771753567274,0.9194835457948229,0.0
M2,case_td016_pp0_1_gamma_007__steady,cmaes,78,0.04258771753567274,0.9194835457948229,0.0
M2,case_td016_pp0_1_gamma_007__steady,cmaes,79,0.04258771753567274,0.9194835457948229,0.0
M2,case_td016_pp0_1_gamma_007__steady,cmaes,80,0.04258771753567274,0.9194835457948229,0.0
M2,case_td016_pp0_1_gamma_007__steady,cmaes,81,0.04258771753567274,0.9194835457948229,0.0
M2,case_td016_pp0_1_gamma_007__steady,cmaes,82,0.04258771753567274,0.9194835457948229,0.0
M2,case_td016_pp0_1_gamma_007__steady,cmaes,83,0.04258771753567274,0.9194835457948229,0.0
M2,case_td016_pp0_1_gamma_007__steady,cmaes,84,0.04258771753567274,0.9194835457948229,0.0
M2,case_td016_pp0_1_gamma_007__steady,cmaes,85,0.04258771753567274,0.9194835457948229,0.0
M2,case_td016_pp0_1_gamma_007__steady,cmaes,86,0.04258771753567274,0.9194835457948229,0.0
M2,case_td016_pp0_1_gamma_007__steady,cmaes,87,0.04258771753567274,0.9194835457948229,0.0
M2,case_td016_pp0_1_gamma_007__steady,cmaes,88,0.04258771753567274,0.9194835457948229,0.0
M2,case_td016_pp0_1_gamma_007__steady,cmaes,89,0.04258771753567274,0.9194835457948229,0.0
M2,case_td016_pp0_1_gamma_007__steady,cmaes,90,0.04258771753567274,0.9194835457948229,0.0
M2,case_td016_pp0_1_gamma_007__steady,cmaes,91,0.04258771753567274,0.9194835457948229,0.0
M2,case_td016_pp0_1_gamma_007__steady,cmaes,92,0.04258771753567274,0.9194835457948229,0.0
M2,case_td016_pp0_1_gamma_007__steady,cmaes,93,0.04258771753567274,0.9194835457948229,0.0
M2,case_td016_pp0_1_gamma_007__steady,cmaes,94,0.04258771753567274,0.9194835457948229,0.0
M2,case_td016_pp0_1_gamma_007__steady,cmaes,95,0.04258771753567274,0.9194835457948229,0.0
M2,case_td016_pp0_1_gamma_007__steady,cmaes,96,0.04258771753567274,0.9194835457948229,0.0
M2,case_td016_pp0_1_gamma_007__steady,cmaes,97,0.04258771753567274,0.9194835457948229,0.0
M2,case_td016_pp0_1_gamma_007__steady,cmaes,98,0.04258771753567274,0.9194835457948229,0.0
M2,case_td016_pp0_1_gamma_007__steady,cmaes,99,0.04258771753567274,0.9194835457948229,0.0
M2,case_td016_pp0_1_gamma_007__steady,cmaes,100,0.04258771753567274,0.9194835457948229,0.0
M2,case_td016_pp0_1_gamma_007__steady,tpe,1,1.7278961645927335,37.305875593220016,39.57264076538961
M2,case_td016_pp0_1_gamma_007__steady,tpe,2,1.7278961645927335,37.305875593220016,39.57264076538961
M2,case_td016_pp0_1_gamma_007__steady,tpe,3,1.7278961645927335,37.305875593220016,39.57264076538961
M2,case_td016_pp0_1_gamma_007__steady,tpe,4,0.5876809531361809,12.688234961949126,12.79930616483313
M2,case_td016_pp0_1_gamma_007__steady,tpe,5,0.22752005565573025,4.912236663975555,4.342386697881911
M2,case_td016_pp0_1_gamma_007__steady,tpe,6,0.22752005565573025,4.912236663975555,4.342386697881911
M2,case_td016_pp0_1_gamma_007__steady,tpe,7,0.22752005565573025,4.912236663975555,4.342386697881911
M2,case_td016_pp0_1_gamma_007__steady,tpe,8,0.22752005565573025,4.912236663975555,4.342386697881911
M2,case_td016_pp0_1_gamma_007__steady,tpe,9,0.22752005565573025,4.912236663975555,4.342386697881911
M2,case_td016_pp0_1_gamma_007__steady,tpe,10,0.22752005565573025,4.912236663975555,4.342386697881911
M2,case_td016_pp0_1_gamma_007__steady,tpe,11,0.22752005565573025,4.912236663975555,4.342386697881911
M2,case_td016_pp0_1_gamma_007__steady,tpe,12,0.22752005565573025,4.912236663975555,4.342386697881911
M2,case_td016_pp0_1_gamma_007__steady,tpe,13,0.22752005565573025,4.912236663975555,4.342386697881911
M2,case_td016_pp0_1_gamma_007__steady,tpe,14,0.22752005565573025,4.912236663975555,4.342386697881911
M2,case_td016_pp0_1_gamma_007__steady,tpe,15,0.22752005565573025,4.912236663975555,4.342386697881911
M2,case_td016_pp0_1_gamma_007__steady,tpe,16,0.14551403484820494,3.1416983221292836,2.416807550823029
M2,case_td016_pp0_1_gamma_007__steady,tpe,17,0.1449816733305624,3.1302044529056823,2.4043071974712293
M2,case_td016_pp0_1_gamma_007__steady,tpe,18,0.1449816733305624,3.1302044529056823,2.4043071974712293
M2,case_td016_pp0_1_gamma_007__steady,tpe,19,0.0742292417383829,1.6026349930141006,0.7429729986399547
M2,case_td016_pp0_1_gamma_007__steady,tpe,20,0.0742292417383829,1.6026349930141006,0.7429729986399547
M2,case_td016_pp0_1_gamma_007__steady,tpe,21,0.04669629422102666,1.0081891369234104,0.09647327734604372
M2,case_td016_pp0_1_gamma_007__steady,tpe,22,0.04669629422102666,1.0081891369234104,0.09647327734604372
M2,case_td016_pp0_1_gamma_007__steady,tpe,23,0.04467389409952668,0.964524819079303,0.04898540435059706
M2,case_td016_pp0_1_gamma_007__steady,tpe,24,0.04467389409952668,0.964524819079303,0.04898540435059706
M2,case_td016_pp0_1_gamma_007__steady,tpe,25,0.04467389409952668,0.964524819079303,0.04898540435059706
M2,case_td016_pp0_1_gamma_007__steady,tpe,26,0.04467389409952668,0.964524819079303,0.04898540435059706
M2,case_td016_pp0_1_gamma_007__steady,tpe,27,0.04467389409952668,0.964524819079303,0.04898540435059706
M2,case_td016_pp0_1_gamma_007__steady,tpe,28,0.04467389409952668,0.964524819079303,0.04898540435059706
M2,case_td016_pp0_1_gamma_007__steady,tpe,29,0.04467389409952668,0.964524819079303,0.04898540435059706
M2,case_td016_pp0_1_gamma_007__steady,tpe,30,0.04467389409952668,0.964524819079303,0.04898540435059706
M2,case_td016_pp0_1_gamma_007__steady,tpe,31,0.04467389409952668,0.964524819079303,0.04898540435059706
M2,case_td016_pp0_1_gamma_007__steady,tpe,32,0.04467389409952668,0.964524819079303,0.04898540435059706
M2,case_td016_pp0_1_gamma_007__steady,tpe,33,0.04467389409952668,0.964524819079303,0.04898540435059706
M2,case_td016_pp0_1_gamma_007__steady,tpe,34,0.04467389409952668,0.964524819079303,0.04898540435059706
M2,case_td016_pp0_1_gamma_007__steady,tpe,35,0.04467389409952668,0.964524819079303,0.04898540435059706
M2,case_td016_pp0_1_gamma_007__steady,tpe,36,0.04467389409952668,0.964524819079303,0.04898540435059706
M2,case_td016_pp0_1_gamma_007__steady,tpe,37,0.04467389409952668,0.964524819079303,0.04898540435059706
M2,case_td016_pp0_1_gamma_007__steady,tpe,38,0.04467389409952668,0.964524819079303,0.04898540435059706
M2,case_td016_pp0_1_gamma_007__steady,tpe,39,0.04467389409952668,0.964524819079303,0.04898540435059706
M2,case_td016_pp0_1_gamma_007__steady,tpe,40,0.04467389409952668,0.964524819079303,0.04898540435059706
M2,case_td016_pp0_1_gamma_007__steady,tpe,41,0.04467389409952668,0.964524819079303,0.04898540435059706
M2,case_td016_pp0_1_gamma_007__steady,tpe,42,0.04467389409952668,0.964524819079303,0.04898540435059706
M2,case_td016_pp0_1_gamma_007__steady,tpe,43,0.04467389409952668,0.964524819079303,0.04898540435059706
M2,case_td016_pp0_1_gamma_007__steady,tpe,44,0.04467389409952668,0.964524819079303,0.04898540435059706
M2,case_td016_pp0_1_gamma_007__steady,tpe,45,0.04467389409952668,0.964524819079303,0.04898540435059706
M2,case_td016_pp0_1_gamma_007__steady,tpe,46,0.04467389409952668,0.964524819079303,0.04898540435059706
M2,case_td016_pp0_1_gamma_007__steady,tpe,47,0.04467389409952668,0.964524819079303,0.04898540435059706
M2,case_td016_pp0_1_gamma_007__steady,tpe,48,0.04467389409952668,0.964524819079303,0.04898540435059706
M2,case_td016_pp0_1_gamma_007__steady,tpe,49,0.04467389409952668,0.964524819079303,0.04898540435059706
M2,case_td016_pp0_1_gamma_007__steady,tpe,50,0.04467389409952668,0.964524819079303,0.04898540435059706
M2,case_td016_pp0_1_gamma_007__steady,tpe,51,0.04467389409952668,0.964524819079303,0.04898540435059706
M2,case_td016_pp0_1_gamma_007__steady,tpe,52,0.04467389409952668,0.964524819079303,0.04898540435059706
M2,case_td016_pp0_1_gamma_007__steady,tpe,53,0.04467389409952668,0.964524819079303,0.04898540435059706
M2,case_td016_pp0_1_gamma_007__steady,tpe,54,0.04467389409952668,0.964524819079303,0.04898540435059706
M2,case_td016_pp0_1_gamma_007__steady,tpe,55,0.04467389409952668,0.964524819079303,0.04898540435059706
M2,case_td016_pp0_1_gamma_007__steady,tpe,56,0.04467389409952668,0.964524819079303,0.04898540435059706
M2,case_td016_pp0_1_gamma_007__steady,tpe,57,0.04467389409952668,0.964524819079303,0.04898540435059706
M2,case_td016_pp0_1_gamma_007__steady,tpe,58,0.04467389409952668,0.964524819079303,0.04898540435059706
M2,case_td016_pp0_1_gamma_007__steady,tpe,59,0.04467389409952668,0.964524819079303,0.04898540435059706
M2,case_td016_pp0_1_gamma_007__steady,tpe,60,0.04467389409952668,0.964524819079303,0.04898540435059706
M2,case_td016_pp0_1_gamma_007__steady,tpe,61,0.04467389409952668,0.964524819079303,0.04898540435059706
M2,case_td016_pp0_1_gamma_007__steady,tpe,62,0.04467389409952668,0.964524819079303,0.04898540435059706
M2,case_td016_pp0_1_gamma_007__steady,tpe,63,0.04467389409952668,0.964524819079303,0.04898540435059706
M2,case_td016_pp0_1_gamma_007__steady,tpe,64,0.04467389409952668,0.964524819079303,0.04898540435059706
M2,case_td016_pp0_1_gamma_007__steady,tpe,65,0.04467389409952668,0.964524819079303,0.04898540435059706
M2,case_td016_pp0_1_gamma_007__steady,tpe,66,0.04467389409952668,0.964524819079303,0.04898540435059706
M2,case_td016_pp0_1_gamma_007__steady,tpe,67,0.04467389409952668,0.964524819079303,0.04898540435059706
M2,case_td016_pp0_1_gamma_007__steady,tpe,68,0.04467389409952668,0.964524819079303,0.04898540435059706
M2,case_td016_pp0_1_gamma_007__steady,tpe,69,0.04467389409952668,0.964524819079303,0.04898540435059706
M2,case_td016_pp0_1_gamma_007__steady,tpe,70,0.04467389409952668,0.964524819079303,0.04898540435059706
M2,case_td016_pp0_1_gamma_007__steady,tpe,71,0.04467389409952668,0.964524819079303,0.04898540435059706
M2,case_td016_pp0_1_gamma_007__steady,tpe,72,0.04467389409952668,0.964524819079303,0.04898540435059706
M2,case_td016_pp0_1_gamma_007__steady,tpe,73,0.04467389409952668,0.964524819079303,0.04898540435059706
M2,case_td016_pp0_1_gamma_007__steady,tpe,74,0.04467389409952668,0.964524819079303,0.04898540435059706
M2,case_td016_pp0_1_gamma_007__steady,tpe,75,0.04467389409952668,0.964524819079303,0.04898540435059706
M2,case_td016_pp0_1_gamma_007__steady,tpe,76,0.04467389409952668,0.964524819079303,0.04898540435059706
M2,case_td016_pp0_1_gamma_007__steady,tpe,77,0.04467389409952668,0.964524819079303,0.04898540435059706
M2,case_td016_pp0_1_gamma_007__steady,tpe,78,0.04467389409952668,0.964524819079303,0.04898540435059706
M2,case_td016_pp0_1_gamma_007__steady,tpe,79,0.04460692164982442,0.9630788607352988,0.047412827711659666
M2,case_td016_pp0_1_gamma_007__steady,tpe,80,0.04460692164982442,0.9630788607352988,0.047412827711659666
M2,case_td016_pp0_1_gamma_007__steady,tpe,81,0.04460692164982442,0.9630788607352988,0.047412827711659666
M2,case_td016_pp0_1_gamma_007__steady,tpe,82,0.04460692164982442,0.9630788607352988,0.047412827711659666
M2,case_td016_pp0_1_gamma_007__steady,tpe,83,0.04460692164982442,0.9630788607352988,0.047412827711659666
M2,case_td016_pp0_1_gamma_007__steady,tpe,84,0.04460692164982442,0.9630788607352988,0.047412827711659666
M2,case_td016_pp0_1_gamma_007__steady,tpe,85,0.04460692164982442,0.9630788607352988,0.047412827711659666
M2,case_td016_pp0_1_gamma_007__steady,tpe,86,0.04460692164982442,0.9630788607352988,0.047412827711659666
M2,case_td016_pp0_1_gamma_007__steady,tpe,87,0.04460692164982442,0.9630788607352988,0.047412827711659666
M2,case_td016_pp0_1_gamma_007__steady,tpe,88,0.04384971260792733,0.9467304557246701,0.029632841234036755
M2,case_td016_pp0_1_gamma_007__steady,tpe,89,0.04381817556691637,0.9460495601056844,0.028892321599836013
M2,case_td016_pp0_1_gamma_007__steady,tpe,90,0.04381817556691637,0.9460495601056844,0.028892321599836013
M2,case_td016_pp0_1_gamma_007__steady,tpe,91,0.04381817556691637,0.9460495601056844,0.028892321599836013
M2,case_td016_pp0_1_gamma_007__steady,tpe,92,0.04381817556691637,0.9460495601056844,0.028892321599836013
M2,case_td016_pp0_1_gamma_007__steady,tpe,93,0.04381817556691637,0.9460495601056844,0.028892321599836013
M2,case_td016_pp0_1_gamma_007__steady,tpe,94,0.04381817556691637,0.9460495601056844,0.028892321599836013
M2,case_td016_pp0_1_gamma_007__steady,tpe,95,0.04381817556691637,0.9460495601056844,0.028892321599836013
M2,case_td016_pp0_1_gamma_007__steady,tpe,96,0.04381817556691637,0.9460495601056844,0.028892321599836013
M2,case_td016_pp0_1_gamma_007__steady,tpe,97,0.04381817556691637,0.9460495601056844,0.028892321599836013
M2,case_td016_pp0_1_gamma_007__steady,tpe,98,0.04381817556691637,0.9460495601056844,0.028892321599836013
M2,case_td016_pp0_1_gamma_007__steady,tpe,99,0.04381817556691637,0.9460495601056844,0.028892321599836013
M2,case_td016_pp0_1_gamma_007__steady,tpe,100,0.04381817556691637,0.9460495601056844,0.028892321599836013
M2,case_td016_pp0_1_gamma_007__steady,random,1,1.7278961645927335,37.305875593220016,39.57264076538961
M2,case_td016_pp0_1_gamma_007__steady,random,2,0.5765107276160557,12.447065930996262,12.537018675235487
M2,case_td016_pp0_1_gamma_007__steady,random,3,0.04841545729111551,1.0453064619869274,0.13684085676959046
M2,case_td016_pp0_1_gamma_007__steady,random,4,0.04841545729111551,1.0453064619869274,0.13684085676959046
M2,case_td016_pp0_1_gamma_007__steady,random,5,0.04841545729111551,1.0453064619869274,0.13684085676959046
M2,case_td016_pp0_1_gamma_007__steady,random,6,0.04841545729111551,1.0453064619869274,0.13684085676959046
M2,case_td016_pp0_1_gamma_007__steady,random,7,0.04841545729111551,1.0453064619869274,0.13684085676959046
M2,case_td016_pp0_1_gamma_007__steady,random,8,0.04624014499641918,0.9983407174559354,0.0857624609181522
M2,case_td016_pp0_1_gamma_007__steady,random,9,0.04624014499641918,0.9983407174559354,0.0857624609181522
M2,case_td016_pp0_1_gamma_007__steady,random,10,0.04624014499641918,0.9983407174559354,0.0857624609181522
M2,case_td016_pp0_1_gamma_007__steady,random,11,0.04624014499641918,0.9983407174559354,0.0857624609181522
M2,case_td016_pp0_1_gamma_007__steady,random,12,0.04624014499641918,0.9983407174559354,0.0857624609181522
M2,case_td016_pp0_1_gamma_007__steady,random,13,0.04624014499641918,0.9983407174559354,0.0857624609181522
M2,case_td016_pp0_1_gamma_007__steady,random,14,0.04624014499641918,0.9983407174559354,0.0857624609181522
M2,case_td016_pp0_1_gamma_007__steady,random,15,0.04624014499641918,0.9983407174559354,0.0857624609181522
M2,case_td016_pp0_1_gamma_007__steady,random,16,0.04624014499641918,0.9983407174559354,0.0857624609181522
M2,case_td016_pp0_1_gamma_007__steady,random,17,0.04624014499641918,0.9983407174559354,0.0857624609181522
M2,case_td016_pp0_1_gamma_007__steady,random,18,0.04624014499641918,0.9983407174559354,0.0857624609181522
M2,case_td016_pp0_1_gamma_007__steady,random,19,0.04624014499641918,0.9983407174559354,0.0857624609181522
M2,case_td016_pp0_1_gamma_007__steady,random,20,0.04624014499641918,0.9983407174559354,0.0857624609181522
M2,case_td016_pp0_1_gamma_007__steady,random,21,0.04624014499641918,0.9983407174559354,0.0857624609181522
M2,case_td016_pp0_1_gamma_007__steady,random,22,0.04624014499641918,0.9983407174559354,0.0857624609181522
M2,case_td016_pp0_1_gamma_007__steady,random,23,0.04624014499641918,0.9983407174559354,0.0857624609181522
M2,case_td016_pp0_1_gamma_007__steady,random,24,0.04624014499641918,0.9983407174559354,0.0857624609181522
M2,case_td016_pp0_1_gamma_007__steady,random,25,0.04624014499641918,0.9983407174559354,0.0857624609181522
M2,case_td016_pp0_1_gamma_007__steady,random,26,0.04624014499641918,0.9983407174559354,0.0857624609181522
M2,case_td016_pp0_1_gamma_007__steady,random,27,0.04624014499641918,0.9983407174559354,0.0857624609181522
M2,case_td016_pp0_1_gamma_007__steady,random,28,0.04624014499641918,0.9983407174559354,0.0857624609181522
M2,case_td016_pp0_1_gamma_007__steady,random,29,0.04624014499641918,0.9983407174559354,0.0857624609181522
M2,case_td016_pp0_1_gamma_007__steady,random,30,0.04624014499641918,0.9983407174559354,0.0857624609181522
M2,case_td016_pp0_1_gamma_007__steady,random,31,0.04624014499641918,0.9983407174559354,0.0857624609181522
M2,case_td016_pp0_1_gamma_007__steady,random,32,0.04624014499641918,0.9983407174559354,0.0857624609181522
M2,case_td016_pp0_1_gamma_007__steady,random,33,0.04624014499641918,0.9983407174559354,0.0857624609181522
M2,case_td016_pp0_1_gamma_007__steady,random,34,0.04624014499641918,0.9983407174559354,0.0857624609181522
M2,case_td016_pp0_1_gamma_007__steady,random,35,0.04624014499641918,0.9983407174559354,0.0857624609181522
M2,case_td016_pp0_1_gamma_007__steady,random,36,0.04624014499641918,0.9983407174559354,0.0857624609181522
M2,case_td016_pp0_1_gamma_007__steady,random,37,0.04624014499641918,0.9983407174559354,0.0857624609181522
M2,case_td016_pp0_1_gamma_007__steady,random,38,0.04624014499641918,0.9983407174559354,0.0857624609181522
M2,case_td016_pp0_1_gamma_007__steady,random,39,0.04624014499641918,0.9983407174559354,0.0857624609181522
M2,case_td016_pp0_1_gamma_007__steady,random,40,0.04624014499641918,0.9983407174559354,0.0857624609181522
M2,case_td016_pp0_1_gamma_007__steady,random,41,0.04624014499641918,0.9983407174559354,0.0857624609181522
M2,case_td016_pp0_1_gamma_007__steady,random,42,0.04624014499641918,0.9983407174559354,0.0857624609181522
M2,case_td016_pp0_1_gamma_007__steady,random,43,0.04624014499641918,0.9983407174559354,0.0857624609181522
M2,case_td016_pp0_1_gamma_007__steady,random,44,0.04624014499641918,0.9983407174559354,0.0857624609181522
M2,case_td016_pp0_1_gamma_007__steady,random,45,0.04624014499641918,0.9983407174559354,0.0857624609181522
M2,case_td016_pp0_1_gamma_007__steady,random,46,0.04624014499641918,0.9983407174559354,0.0857624609181522
M2,case_td016_pp0_1_gamma_007__steady,random,47,0.04624014499641918,0.9983407174559354,0.0857624609181522
M2,case_td016_pp0_1_gamma_007__steady,random,48,0.04624014499641918,0.9983407174559354,0.0857624609181522
M2,case_td016_pp0_1_gamma_007__steady,random,49,0.04624014499641918,0.9983407174559354,0.0857624609181522
M2,case_td016_pp0_1_gamma_007__steady,random,50,0.04624014499641918,0.9983407174559354,0.0857624609181522
M2,case_td016_pp0_1_gamma_007__steady,random,51,0.04624014499641918,0.9983407174559354,0.0857624609181522
M2,case_td016_pp0_1_gamma_007__steady,random,52,0.04624014499641918,0.9983407174559354,0.0857624609181522
M2,case_td016_pp0_1_gamma_007__steady,random,53,0.04624014499641918,0.9983407174559354,0.0857624609181522
M2,case_td016_pp0_1_gamma_007__steady,random,54,0.04624014499641918,0.9983407174559354,0.0857624609181522
M2,case_td016_pp0_1_gamma_007__steady,random,55,0.04624014499641918,0.9983407174559354,0.0857624609181522
M2,case_td016_pp0_1_gamma_007__steady,random,56,0.04624014499641918,0.9983407174559354,0.0857624609181522
M2,case_td016_pp0_1_gamma_007__steady,random,57,0.04624014499641918,0.9983407174559354,0.0857624609181522
M2,case_td016_pp0_1_gamma_007__steady,random,58,0.04624014499641918,0.9983407174559354,0.0857624609181522
M2,case_td016_pp0_1_gamma_007__steady,random,59,0.04624014499641918,0.9983407174559354,0.0857624609181522
M2,case_td016_pp0_1_gamma_007__steady,random,60,0.04624014499641918,0.9983407174559354,0.0857624609181522
M2,case_td016_pp0_1_gamma_007__steady,random,61,0.04624014499641918,0.9983407174559354,0.0857624609181522
M2,case_td016_pp0_1_gamma_007__steady,random,62,0.04624014499641918,0.9983407174559354,0.0857624609181522
M2,case_td016_pp0_1_gamma_007__steady,random,63,0.04624014499641918,0.9983407174559354,0.0857624609181522
M2,case_td016_pp0_1_gamma_007__steady,random,64,0.04624014499641918,0.9983407174559354,0.0857624609181522
M2,case_td016_pp0_1_gamma_007__steady,random,65,0.04624014499641918,0.9983407174559354,0.0857624609181522
M2,case_td016_pp0_1_gamma_007__steady,random,66,0.04624014499641918,0.9983407174559354,0.0857624609181522
M2,case_td016_pp0_1_gamma_007__steady,random,67,0.04624014499641918,0.9983407174559354,0.0857624609181522
M2,case_td016_pp0_1_gamma_007__steady,random,68,0.04624014499641918,0.9983407174559354,0.0857624609181522
M2,case_td016_pp0_1_gamma_007__steady,random,69,0.04624014499641918,0.9983407174559354,0.0857624609181522
M2,case_td016_pp0_1_gamma_007__steady,random,70,0.04624014499641918,0.9983407174559354,0.0857624609181522
M2,case_td016_pp0_1_gamma_007__steady,random,71,0.04624014499641918,0.9983407174559354,0.0857624609181522
M2,case_td016_pp0_1_gamma_007__steady,random,72,0.04624014499641918,0.9983407174559354,0.0857624609181522
M2,case_td016_pp0_1_gamma_007__steady,random,73,0.04624014499641918,0.9983407174559354,0.0857624609181522
M2,case_td016_pp0_1_gamma_007__steady,random,74,0.04624014499641918,0.9983407174559354,0.0857624609181522
M2,case_td016_pp0_1_gamma_007__steady,random,75,0.04624014499641918,0.9983407174559354,0.0857624609181522
M2,case_td016_pp0_1_gamma_007__steady,random,76,0.04624014499641918,0.9983407174559354,0.0857624609181522
M2,case_td016_pp0_1_gamma_007__steady,random,77,0.04624014499641918,0.9983407174559354,0.0857624609181522
M2,case_td016_pp0_1_gamma_007__steady,random,78,0.04624014499641918,0.9983407174559354,0.0857624609181522
M2,case_td016_pp0_1_gamma_007__steady,random,79,0.04624014499641918,0.9983407174559354,0.0857624609181522
M2,case_td016_pp0_1_gamma_007__steady,random,80,0.04624014499641918,0.9983407174559354,0.0857624609181522
M2,case_td016_pp0_1_gamma_007__steady,random,81,0.04624014499641918,0.9983407174559354,0.0857624609181522
M2,case_td016_pp0_1_gamma_007__steady,random,82,0.04624014499641918,0.9983407174559354,0.0857624609181522
M2,case_td016_pp0_1_gamma_007__steady,random,83,0.04624014499641918,0.9983407174559354,0.0857624609181522
M2,case_td016_pp0_1_gamma_007__steady,random,84,0.04624014499641918,0.9983407174559354,0.0857624609181522
M2,case_td016_pp0_1_gamma_007__steady,random,85,0.04624014499641918,0.9983407174559354,0.0857624609181522
M2,case_td016_pp0_1_gamma_007__steady,random,86,0.04624014499641918,0.9983407174559354,0.0857624609181522
M2,case_td016_pp0_1_gamma_007__steady,random,87,0.04624014499641918,0.9983407174559354,0.0857624609181522
M2,case_td016_pp0_1_gamma_007__steady,random,88,0.04624014499641918,0.9983407174559354,0.0857624609181522
M2,case_td016_pp0_1_gamma_007__steady,random,89,0.04624014499641918,0.9983407174559354,0.0857624609181522
M2,case_td016_pp0_1_gamma_007__steady,random,90,0.04624014499641918,0.9983407174559354,0.0857624609181522
M2,case_td016_pp0_1_gamma_007__steady,random,91,0.04624014499641918,0.9983407174559354,0.0857624609181522
M2,case_td016_pp0_1_gamma_007__steady,random,92,0.04624014499641918,0.9983407174559354,0.0857624609181522
M2,case_td016_pp0_1_gamma_007__steady,random,93,0.04624014499641918,0.9983407174559354,0.0857624609181522
M2,case_td016_pp0_1_gamma_007__steady,random,94,0.04624014499641918,0.9983407174559354,0.0857624609181522
M2,case_td016_pp0_1_gamma_007__steady,random,95,0.04624014499641918,0.9983407174559354,0.0857624609181522
M2,case_td016_pp0_1_gamma_007__steady,random,96,0.04624014499641918,0.9983407174559354,0.0857624609181522
M2,case_td016_pp0_1_gamma_007__steady,random,97,0.04624014499641918,0.9983407174559354,0.0857624609181522
M2,case_td016_pp0_1_gamma_007__steady,random,98,0.04624014499641918,0.9983407174559354,0.0857624609181522
M2,case_td016_pp0_1_gamma_007__steady,random,99,0.04624014499641918,0.9983407174559354,0.0857624609181522
M2,case_td016_pp0_1_gamma_007__steady,random,100,0.04624014499641918,0.9983407174559354,0.0857624609181522
M3,case_td030_pa200_pp0_5_gamma_004__steady,cmaes,1,0.4420755918508906,8.787191882981533,7.7177016799601095
M3,case_td030_pa200_pp0_5_gamma_004__steady,cmaes,2,0.4373992977644635,8.694240599997,7.625485467247367
M3,case_td030_pa200_pp0_5_gamma_004__steady,cmaes,3,0.42428099664937813,8.433486486442893,7.3667934295567274
M3,case_td030_pa200_pp0_5_gamma_004__steady,cmaes,4,0.42428099664937813,8.433486486442893,7.3667934295567274
M3,case_td030_pa200_pp0_5_gamma_004__steady,cmaes,5,0.42428099664937813,8.433486486442893,7.3667934295567274
M3,case_td030_pa200_pp0_5_gamma_004__steady,cmaes,6,0.39546412104872025,7.86068984252323,6.7985265325238995
M3,case_td030_pa200_pp0_5_gamma_004__steady,cmaes,7,0.39546412104872025,7.86068984252323,6.7985265325238995
M3,case_td030_pa200_pp0_5_gamma_004__steady,cmaes,8,0.39546412104872025,7.86068984252323,6.7985265325238995
M3,case_td030_pa200_pp0_5_gamma_004__steady,cmaes,9,0.39546412104872025,7.86068984252323,6.7985265325238995
M3,case_td030_pa200_pp0_5_gamma_004__steady,cmaes,10,0.39546412104872025,7.86068984252323,6.7985265325238995
M3,case_td030_pa200_pp0_5_gamma_004__steady,cmaes,11,0.39546412104872025,7.86068984252323,6.7985265325238995
M3,case_td030_pa200_pp0_5_gamma_004__steady,cmaes,12,0.38081148266303483,7.569437514956619,6.509577464478943
M3,case_td030_pa200_pp0_5_gamma_004__steady,cmaes,13,0.38081148266303483,7.569437514956619,6.509577464478943
M3,case_td030_pa200_pp0_5_gamma_004__steady,cmaes,14,0.38081148266303483,7.569437514956619,6.509577464478943
M3,case_td030_pa200_pp0_5_gamma_004__steady,cmaes,15,0.38081148266303483,7.569437514956619,6.509577464478943
M3,case_td030_pa200_pp0_5_gamma_004__steady,cmaes,16,0.38081148266303483,7.569437514956619,6.509577464478943
M3,case_td030_pa200_pp0_5_gamma_004__steady,cmaes,17,0.3697631342675937,7.349828110749752,6.291704758672085
M3,case_td030_pa200_pp0_5_gamma_004__steady,cmaes,18,0.3697631342675937,7.349828110749752,6.291704758672085
M3,case_td030_pa200_pp0_5_gamma_004__steady,cmaes,19,0.3697631342675937,7.349828110749752,6.291704758672085
M3,case_td030_pa200_pp0_5_gamma_004__steady,cmaes,20,0.3697631342675937,7.349828110749752,6.291704758672085
M3,case_td030_pa200_pp0_5_gamma_004__steady,cmaes,21,0.34475392400268373,6.852716907393112,5.798524772353321
M3,case_td030_pa200_pp0_5_gamma_004__steady,cmaes,22,0.2412177389309332,4.794715194952432,3.7567979926466037
M3,case_td030_pa200_pp0_5_gamma_004__steady,cmaes,23,0.2412177389309332,4.794715194952432,3.7567979926466037
M3,case_td030_pa200_pp0_5_gamma_004__steady,cmaes,24,0.2412177389309332,4.794715194952432,3.7567979926466037
M3,case_td030_pa200_pp0_5_gamma_004__steady,cmaes,25,0.2412177389309332,4.794715194952432,3.7567979926466037
M3,case_td030_pa200_pp0_5_gamma_004__steady,cmaes,26,0.2412177389309332,4.794715194952432,3.7567979926466037
M3,case_td030_pa200_pp0_5_gamma_004__steady,cmaes,27,0.2412177389309332,4.794715194952432,3.7567979926466037
M3,case_td030_pa200_pp0_5_gamma_004__steady,cmaes,28,0.2412177389309332,4.794715194952432,3.7567979926466037
M3,case_td030_pa200_pp0_5_gamma_004__steady,cmaes,29,0.2412177389309332,4.794715194952432,3.7567979926466037
M3,case_td030_pa200_pp0_5_gamma_004__steady,cmaes,30,0.14933434745005142,2.968337519539063,1.9448635383610293
M3,case_td030_pa200_pp0_5_gamma_004__steady,cmaes,31,0.14933434745005142,2.968337519539063,1.9448635383610293
M3,case_td030_pa200_pp0_5_gamma_004__steady,cmaes,32,0.14933434745005142,2.968337519539063,1.9448635383610293
M3,case_td030_pa200_pp0_5_gamma_004__steady,cmaes,33,0.1443962821283562,2.870182976939777,1.8474852140557707
M3,case_td030_pa200_pp0_5_gamma_004__steady,cmaes,34,0.1443962821283562,2.870182976939777,1.8474852140557707
M3,case_td030_pa200_pp0_5_gamma_004__steady,cmaes,35,0.1443962821283562,2.870182976939777,1.8474852140557707
M3,case_td030_pa200_pp0_5_gamma_004__steady,cmaes,36,0.1443962821283562,2.870182976939777,1.8474852140557707
M3,case_td030_pa200_pp0_5_gamma_004__steady,cmaes,37,0.1443962821283562,2.870182976939777,1.8474852140557707
M3,case_td030_pa200_pp0_5_gamma_004__steady,cmaes,38,0.1443962821283562,2.870182976939777,1.8474852140557707
M3,case_td030_pa200_pp0_5_gamma_004__steady,cmaes,39,0.1443962821283562,2.870182976939777,1.8474852140557707
M3,case_td030_pa200_pp0_5_gamma_004__steady,cmaes,40,0.1443962821283562,2.870182976939777,1.8474852140557707
M3,case_td030_pa200_pp0_5_gamma_004__steady,cmaes,41,0.1443962821283562,2.870182976939777,1.8474852140557707
M3,case_td030_pa200_pp0_5_gamma_004__steady,cmaes,42,0.1443962821283562,2.870182976939777,1.8474852140557707
M3,case_td030_pa200_pp0_5_gamma_004__steady,cmaes,43,0.1443962821283562,2.870182976939777,1.8474852140557707
M3,case_td030_pa200_pp0_5_gamma_004__steady,cmaes,44,0.1443962821283562,2.870182976939777,1.8474852140557707
M3,case_td030_pa200_pp0_5_gamma_004__steady,cmaes,45,0.1443962821283562,2.870182976939777,1.8474852140557707
M3,case_td030_pa200_pp0_5_gamma_004__steady,cmaes,46,0.1443962821283562,2.870182976939777,1.8474852140557707
M3,case_td030_pa200_pp0_5_gamma_004__steady,cmaes,47,0.1443962821283562,2.870182976939777,1.8474852140557707
M3,case_td030_pa200_pp0_5_gamma_004__steady,cmaes,48,0.1443962821283562,2.870182976939777,1.8474852140557707
M3,case_td030_pa200_pp0_5_gamma_004__steady,cmaes,49,0.1443962821283562,2.870182976939777,1.8474852140557707
M3,case_td030_pa200_pp0_5_gamma_004__steady,cmaes,50,0.12879832938053926,2.5601405174524934,1.5398946087833432
M3,case_td030_pa200_pp0_5_gamma_004__steady,cmaes,51,0.12879832938053926,2.5601405174524934,1.5398946087833432
M3,case_td030_pa200_pp0_5_gamma_004__steady,cmaes,52,0.12879832938053926,2.5601405174524934,1.5398946087833432
M3,case_td030_pa200_pp0_5_gamma_004__steady,cmaes,53,0.12879832938053926,2.5601405174524934,1.5398946087833432
M3,case_td030_pa200_pp0_5_gamma_004__steady,cmaes,54,0.12879832938053926,2.5601405174524934,1.5398946087833432
M3,case_td030_pa200_pp0_5_gamma_004__steady,cmaes,55,0.12879832938053926,2.5601405174524934,1.5398946087833432
M3,case_td030_pa200_pp0_5_gamma_004__steady,cmaes,56,0.12879832938053926,2.5601405174524934,1.5398946087833432
M3,case_td030_pa200_pp0_5_gamma_004__steady,cmaes,57,0.11289868449453316,2.244101285565369,1.2263546543308106
M3,case_td030_pa200_pp0_5_gamma_004__steady,cmaes,58,0.11289868449453316,2.244101285565369,1.2263546543308106
M3,case_td030_pa200_pp0_5_gamma_004__steady,cmaes,59,0.11289868449453316,2.244101285565369,1.2263546543308106
M3,case_td030_pa200_pp0_5_gamma_004__steady,cmaes,60,0.11289868449453316,2.244101285565369,1.2263546543308106
M3,case_td030_pa200_pp0_5_gamma_004__steady,cmaes,61,0.11289868449453316,2.244101285565369,1.2263546543308106
M3,case_td030_pa200_pp0_5_gamma_004__steady,cmaes,62,0.11289868449453316,2.244101285565369,1.2263546543308106
M3,case_td030_pa200_pp0_5_gamma_004__steady,cmaes,63,0.11289868449453316,2.244101285565369,1.2263546543308106
M3,case_td030_pa200_pp0_5_gamma_004__steady,cmaes,64,0.0816779870408077,1.6235235737360927,0.6106845479982472
M3,case_td030_pa200_pp0_5_gamma_004__steady,cmaes,65,0.07700625572148637,1.5306629854445377,0.5185583127536044
M3,case_td030_pa200_pp0_5_gamma_004__steady,cmaes,66,0.07700625572148637,1.5306629854445377,0.5185583127536044
M3,case_td030_pa200_pp0_5_gamma_004__steady,cmaes,67,0.07292661532957598,1.4495714626414193,0.4381080717681527
M3,case_td030_pa200_pp0_5_gamma_004__steady,cmaes,68,0.07292661532957598,1.4495714626414193,0.4381080717681527
M3,case_td030_pa200_pp0_5_gamma_004__steady,cmaes,69,0.07292661532957598,1.4495714626414193,0.4381080717681527
M3,case_td030_pa200_pp0_5_gamma_004__steady,cmaes,70,0.07292661532957598,1.4495714626414193,0.4381080717681527
M3,case_td030_pa200_pp0_5_gamma_004__steady,cmaes,71,0.07292661532957598,1.4495714626414193,0.4381080717681527
M3,case_td030_pa200_pp0_5_gamma_004__steady,cmaes,72,0.07292661532957598,1.4495714626414193,0.4381080717681527
M3,case_td030_pa200_pp0_5_gamma_004__steady,cmaes,73,0.07292661532957598,1.4495714626414193,0.4381080717681527
M3,case_td030_pa200_pp0_5_gamma_004__steady,cmaes,74,0.07292661532957598,1.4495714626414193,0.4381080717681527
M3,case_td030_pa200_pp0_5_gamma_004__steady,cmaes,75,0.07292661532957598,1.4495714626414193,0.4381080717681527
M3,case_td030_pa200_pp0_5_gamma_004__steady,cmaes,76,0.07292661532957598,1.4495714626414193,0.4381080717681527
M3,case_td030_pa200_pp0_5_gamma_004__steady,cmaes,77,0.07292661532957598,1.4495714626414193,0.4381080717681527
M3,case_td030_pa200_pp0_5_gamma_004__steady,cmaes,78,0.07292661532957598,1.4495714626414193,0.4381080717681527
M3,case_td030_pa200_pp0_5_gamma_004__steady,cmaes,79,0.07292661532957598,1.4495714626414193,0.4381080717681527
M3,case_td030_pa200_pp0_5_gamma_004__steady,cmaes,80,0.07292661532957598,1.4495714626414193,0.4381080717681527
M3,case_td030_pa200_pp0_5_gamma_004__steady,cmaes,81,0.07292661532957598,1.4495714626414193,0.4381080717681527
M3,case_td030_pa200_pp0_5_gamma_004__steady,cmaes,82,0.07292661532957598,1.4495714626414193,0.4381080717681527
M3,case_td030_pa200_pp0_5_gamma_004__steady,cmaes,83,0.07292661532957598,1.4495714626414193,0.4381080717681527
M3,case_td030_pa200_pp0_5_gamma_004__steady,cmaes,84,0.07292661532957598,1.4495714626414193,0.4381080717681527
M3,case_td030_pa200_pp0_5_gamma_004__steady,cmaes,85,0.07292661532957598,1.4495714626414193,0.4381080717681527
M3,case_td030_pa200_pp0_5_gamma_004__steady,cmaes,86,0.07292661532957598,1.4495714626414193,0.4381080717681527
M3,case_td030_pa200_pp0_5_gamma_004__steady,cmaes,87,0.07292661532957598,1.4495714626414193,0.4381080717681527
M3,case_td030_pa200_pp0_5_gamma_004__steady,cmaes,88,0.07292661532957598,1.4495714626414193,0.4381080717681527
M3,case_td030_pa200_pp0_5_gamma_004__steady,cmaes,89,0.07292661532957598,1.4495714626414193,0.4381080717681527
M3,case_td030_pa200_pp0_5_gamma_004__steady,cmaes,90,0.07292661532957598,1.4495714626414193,0.4381080717681527
M3,case_td030_pa200_pp0_5_gamma_004__steady,cmaes,91,0.056479172090204637,1.1226435743051835,0.11376556971190133
M3,case_td030_pa200_pp0_5_gamma_004__steady,cmaes,92,0.056479172090204637,1.1226435743051835,0.11376556971190133
M3,case_td030_pa200_pp0_5_gamma_004__steady,cmaes,93,0.056479172090204637,1.1226435743051835,0.11376556971190133
M3,case_td030_pa200_pp0_5_gamma_004__steady,cmaes,94,0.056479172090204637,1.1226435743051835,0.11376556971190133
M3,case_td030_pa200_pp0_5_gamma_004__steady,cmaes,95,0.056479172090204637,1.1226435743051835,0.11376556971190133
M3,case_td030_pa200_pp0_5_gamma_004__steady,cmaes,96,0.056479172090204637,1.1226435743051835,0.11376556971190133
M3,case_td030_pa200_pp0_5_gamma_004__steady,cmaes,97,0.056479172090204637,1.1226435743051835,0.11376556971190133
M3,case_td030_pa200_pp0_5_gamma_004__steady,cmaes,98,0.056479172090204637,1.1226435743051835,0.11376556971190133
M3,case_td030_pa200_pp0_5_gamma_004__steady,cmaes,99,0.056479172090204637,1.1226435743051835,0.11376556971190133
M3,case_td030_pa200_pp0_5_gamma_004__steady,cmaes,100,0.056479172090204637,1.1226435743051835,0.11376556971190133
M3,case_td030_pa200_pp0_5_gamma_004__steady,tpe,1,0.4420755918508906,8.787191882981533,7.7177016799601095
M3,case_td030_pa200_pp0_5_gamma_004__steady,tpe,2,0.15968028364295542,3.1739849884606106,2.148884721598083
M3,case_td030_pa200_pp0_5_gamma_004__steady,tpe,3,0.15968028364295542,3.1739849884606106,2.148884721598083
M3,case_td030_pa200_pp0_5_gamma_004__steady,tpe,4,0.15968028364295542,3.1739849884606106,2.148884721598083
M3,case_td030_pa200_pp0_5_gamma_004__steady,tpe,5,0.15968028364295542,3.1739849884606106,2.148884721598083
M3,case_td030_pa200_pp0_5_gamma_004__steady,tpe,6,0.15968028364295542,3.1739849884606106,2.148884721598083
M3,case_td030_pa200_pp0_5_gamma_004__steady,tpe,7,0.15968028364295542,3.1739849884606106,2.148884721598083
M3,case_td030_pa200_pp0_5_gamma_004__steady,tpe,8,0.15968028364295542,3.1739849884606106,2.148884721598083
M3,case_td030_pa200_pp0_5_gamma_004__steady,tpe,9,0.15968028364295542,3.1739849884606106,2.148884721598083
M3,case_td030_pa200_pp0_5_gamma_004__steady,tpe,10,0.15968028364295542,3.1739849884606106,2.148884721598083
M3,case_td030_pa200_pp0_5_gamma_004__steady,tpe,11,0.15968028364295542,3.1739849884606106,2.148884721598083
M3,case_td030_pa200_pp0_5_gamma_004__steady,tpe,12,0.07972012899592247,1.5846069842722519,0.5720757157495391
M3,case_td030_pa200_pp0_5_gamma_004__steady,tpe,13,0.07972012899592247,1.5846069842722519,0.5720757157495391
M3,case_td030_pa200_pp0_5_gamma_004__steady,tpe,14,0.07972012899592247,1.5846069842722519,0.5720757157495391
M3,case_td030_pa200_pp0_5_gamma_004__steady,tpe,15,0.07972012899592247,1.5846069842722519,0.5720757157495391
M3,case_td030_pa200_pp0_5_gamma_004__steady,tpe,16,0.0697064270894737,1.3855633778552239,0.37460617085344183
M3,case_td030_pa200_pp0_5_gamma_004__steady,tpe,17,0.06390751474810324,1.2702976712757956,0.26025199977457825
M3,case_td030_pa200_pp0_5_gamma_004__steady,tpe,18,0.06390751474810324,1.2702976712757956,0.26025199977457825
M3,case_td030_pa200_pp0_5_gamma_004__steady,tpe,19,0.06390751474810324,1.2702976712757956,0.26025199977457825
M3,case_td030_pa200_pp0_5_gamma_004__steady,tpe,20,0.06390751474810324,1.2702976712757956,0.26025199977457825
M3,case_td030_pa200_pp0_5_gamma_004__steady,tpe,21,0.06390751474810324,1.2702976712757956,0.26025199977457825
M3,case_td030_pa200_pp0_5_gamma_004__steady,tpe,22,0.05865463101481814,1.1658854436969939,0.15666547703857425
M3,case_td030_pa200_pp0_5_gamma_004__steady,tpe,23,0.05441822438382396,1.0816778587339289,0.0731238160991281
M3,case_td030_pa200_pp0_5_gamma_004__steady,tpe,24,0.05441822438382396,1.0816778587339289,0.0731238160991281
M3,case_td030_pa200_pp0_5_gamma_004__steady,tpe,25,0.05441822438382396,1.0816778587339289,0.0731238160991281
M3,case_td030_pa200_pp0_5_gamma_004__steady,tpe,26,0.05441822438382396,1.0816778587339289,0.0731238160991281
M3,case_td030_pa200_pp0_5_gamma_004__steady,tpe,27,0.05441822438382396,1.0816778587339289,0.0731238160991281
M3,case_td030_pa200_pp0_5_gamma_004__steady,tpe,28,0.05441822438382396,1.0816778587339289,0.0731238160991281
M3,case_td030_pa200_pp0_5_gamma_004__steady,tpe,29,0.05441822438382396,1.0816778587339289,0.0731238160991281
M3,case_td030_pa200_pp0_5_gamma_004__steady,tpe,30,0.05441822438382396,1.0816778587339289,0.0731238160991281
M3,case_td030_pa200_pp0_5_gamma_004__steady,tpe,31,0.05391658145682731,1.0717066394729775,0.06323145047652234
M3,case_td030_pa200_pp0_5_gamma_004__steady,tpe,32,0.05391658145682731,1.0717066394729775,0.06323145047652234
M3,case_td030_pa200_pp0_5_gamma_004__steady,tpe,33,0.05391658145682731,1.0717066394729775,0.06323145047652234
M3,case_td030_pa200_pp0_5_gamma_004__steady,tpe,34,0.05391658145682731,1.0717066394729775,0.06323145047652234
M3,case_td030_pa200_pp0_5_gamma_004__steady,tpe,35,0.05391658145682731,1.0717066394729775,0.06323145047652234
M3,case_td030_pa200_pp0_5_gamma_004__steady,tpe,36,0.05391658145682731,1.0717066394729775,0.06323145047652234
M3,case_td030_pa200_pp0_5_gamma_004__steady,tpe,37,0.05391658145682731,1.0717066394729775,0.06323145047652234
M3,case_td030_pa200_pp0_5_gamma_004__steady,tpe,38,0.05391658145682731,1.0717066394729775,0.06323145047652234
M3,case_td030_pa200_pp0_5_gamma_004__steady,tpe,39,0.05391658145682731,1.0717066394729775,0.06323145047652234
M3,case_td030_pa200_pp0_5_gamma_004__steady,tpe,40,0.05391658145682731,1.0717066394729775,0.06323145047652234
M3,case_td030_pa200_pp0_5_gamma_004__steady,tpe,41,0.05391658145682731,1.0717066394729775,0.06323145047652234
M3,case_td030_pa200_pp0_5_gamma_004__steady,tpe,42,0.05197578805765348,1.0331292461082773,0.02495913192214294
M3,case_td030_pa200_pp0_5_gamma_004__steady,tpe,43,0.05197578805765348,1.0331292461082773,0.02495913192214294
M3,case_td030_pa200_pp0_5_gamma_004__steady,tpe,44,0.05071010778759677,1.0079711609289366,0.0
M3,case_td030_pa200_pp0_5_gamma_004__steady,tpe,45,0.05071010778759677,1.0079711609289366,0.0
M3,case_td030_pa200_pp0_5_gamma_004__steady,tpe,46,0.05071010778759677,1.0079711609289366,0.0
M3,case_td030_pa200_pp0_5_gamma_004__steady,tpe,47,0.05071010778759677,1.0079711609289366,0.0
M3,case_td030_pa200_pp0_5_gamma_004__steady,tpe,48,0.05071010778759677,1.0079711609289366,0.0
M3,case_td030_pa200_pp0_5_gamma_004__steady,tpe,49,0.05071010778759677,1.0079711609289366,0.0
M3,case_td030_pa200_pp0_5_gamma_004__steady,tpe,50,0.05071010778759677,1.0079711609289366,0.0
M3,case_td030_pa200_pp0_5_gamma_004__steady,tpe,51,0.05071010778759677,1.0079711609289366,0.0
M3,case_td030_pa200_pp0_5_gamma_004__steady,tpe,52,0.05071010778759677,1.0079711609289366,0.0
M3,case_td030_pa200_pp0_5_gamma_004__steady,tpe,53,0.05071010778759677,1.0079711609289366,0.0
M3,case_td030_pa200_pp0_5_gamma_004__steady,tpe,54,0.05071010778759677,1.0079711609289366,0.0
M3,case_td030_pa200_pp0_5_gamma_004__steady,tpe,55,0.05071010778759677,1.0079711609289366,0.0
M3,case_td030_pa200_pp0_5_gamma_004__steady,tpe,56,0.05071010778759677,1.0079711609289366,0.0
M3,case_td030_pa200_pp0_5_gamma_004__steady,tpe,57,0.05071010778759677,1.0079711609289366,0.0
M3,case_td030_pa200_pp0_5_gamma_004__steady,tpe,58,0.05071010778759677,1.0079711609289366,0.0
M3,case_td030_pa200_pp0_5_gamma_004__steady,tpe,59,0.05071010778759677,1.0079711609289366,0.0
M3,case_td030_pa200_pp0_5_gamma_004__steady,tpe,60,0.05071010778759677,1.0079711609289366,0.0
M3,case_td030_pa200_pp0_5_gamma_004__steady,tpe,61,0.05071010778759677,1.0079711609289366,0.0
M3,case_td030_pa200_pp0_5_gamma_004__steady,tpe,62,0.05071010778759677,1.0079711609289366,0.0
M3,case_td030_pa200_pp0_5_gamma_004__steady,tpe,63,0.05071010778759677,1.0079711609289366,0.0
M3,case_td030_pa200_pp0_5_gamma_004__steady,tpe,64,0.05071010778759677,1.0079711609289366,0.0
M3,case_td030_pa200_pp0_5_gamma_004__steady,tpe,65,0.05071010778759677,1.0079711609289366,0.0
M3,case_td030_pa200_pp0_5_gamma_004__steady,tpe,66,0.05071010778759677,1.0079711609289366,0.0
M3,case_td030_pa200_pp0_5_gamma_004__steady,tpe,67,0.05071010778759677,1.0079711609289366,0.0
M3,case_td030_pa200_pp0_5_gamma_004__steady,tpe,68,0.05071010778759677,1.0079711609289366,0.0
M3,case_td030_pa200_pp0_5_gamma_004__steady,tpe,69,0.05071010778759677,1.0079711609289366,0.0
M3,case_td030_pa200_pp0_5_gamma_004__steady,tpe,70,0.05071010778759677,1.0079711609289366,0.0
M3,case_td030_pa200_pp0_5_gamma_004__steady,tpe,71,0.05071010778759677,1.0079711609289366,0.0
M3,case_td030_pa200_pp0_5_gamma_004__steady,tpe,72,0.05071010778759677,1.0079711609289366,0.0
M3,case_td030_pa200_pp0_5_gamma_004__steady,tpe,73,0.05071010778759677,1.0079711609289366,0.0
M3,case_td030_pa200_pp0_5_gamma_004__steady,tpe,74,0.05071010778759677,1.0079711609289366,0.0
M3,case_td030_pa200_pp0_5_gamma_004__steady,tpe,75,0.05071010778759677,1.0079711609289366,0.0
M3,case_td030_pa200_pp0_5_gamma_004__steady,tpe,76,0.05071010778759677,1.0079711609289366,0.0
M3,case_td030_pa200_pp0_5_gamma_004__steady,tpe,77,0.05071010778759677,1.0079711609289366,0.0
M3,case_td030_pa200_pp0_5_gamma_004__steady,tpe,78,0.05071010778759677,1.0079711609289366,0.0
M3,case_td030_pa200_pp0_5_gamma_004__steady,tpe,79,0.05071010778759677,1.0079711609289366,0.0
M3,case_td030_pa200_pp0_5_gamma_004__steady,tpe,80,0.05071010778759677,1.0079711609289366,0.0
M3,case_td030_pa200_pp0_5_gamma_004__steady,tpe,81,0.05071010778759677,1.0079711609289366,0.0
M3,case_td030_pa200_pp0_5_gamma_004__steady,tpe,82,0.05071010778759677,1.0079711609289366,0.0
M3,case_td030_pa200_pp0_5_gamma_004__steady,tpe,83,0.05071010778759677,1.0079711609289366,0.0
M3,case_td030_pa200_pp0_5_gamma_004__steady,tpe,84,0.05071010778759677,1.0079711609289366,0.0
M3,case_td030_pa200_pp0_5_gamma_004__steady,tpe,85,0.05071010778759677,1.0079711609289366,0.0
M3,case_td030_pa200_pp0_5_gamma_004__steady,tpe,86,0.05071010778759677,1.0079711609289366,0.0
M3,case_td030_pa200_pp0_5_gamma_004__steady,tpe,87,0.05071010778759677,1.0079711609289366,0.0
M3,case_td030_pa200_pp0_5_gamma_004__steady,tpe,88,0.05071010778759677,1.0079711609289366,0.0
M3,case_td030_pa200_pp0_5_gamma_004__steady,tpe,89,0.05071010778759677,1.0079711609289366,0.0
M3,case_td030_pa200_pp0_5_gamma_004__steady,tpe,90,0.05071010778759677,1.0079711609289366,0.0
M3,case_td030_pa200_pp0_5_gamma_004__steady,tpe,91,0.05071010778759677,1.0079711609289366,0.0
M3,case_td030_pa200_pp0_5_gamma_004__steady,tpe,92,0.05071010778759677,1.0079711609289366,0.0
M3,case_td030_pa200_pp0_5_gamma_004__steady,tpe,93,0.05071010778759677,1.0079711609289366,0.0
M3,case_td030_pa200_pp0_5_gamma_004__steady,tpe,94,0.05071010778759677,1.0079711609289366,0.0
M3,case_td030_pa200_pp0_5_gamma_004__steady,tpe,95,0.05071010778759677,1.0079711609289366,0.0
M3,case_td030_pa200_pp0_5_gamma_004__steady,tpe,96,0.05071010778759677,1.0079711609289366,0.0
M3,case_td030_pa200_pp0_5_gamma_004__steady,tpe,97,0.05071010778759677,1.0079711609289366,0.0
M3,case_td030_pa200_pp0_5_gamma_004__steady,tpe,98,0.05071010778759677,1.0079711609289366,0.0
M3,case_td030_pa200_pp0_5_gamma_004__steady,tpe,99,0.05071010778759677,1.0079711609289366,0.0
M3,case_td030_pa200_pp0_5_gamma_004__steady,tpe,100,0.05071010778759677,1.0079711609289366,0.0
M3,case_td030_pa200_pp0_5_gamma_004__steady,random,1,0.4420755918508906,8.787191882981533,7.7177016799601095
M3,case_td030_pa200_pp0_5_gamma_004__steady,random,2,0.4420755918508906,8.787191882981533,7.7177016799601095
M3,case_td030_pa200_pp0_5_gamma_004__steady,random,3,0.4420755918508906,8.787191882981533,7.7177016799601095
M3,case_td030_pa200_pp0_5_gamma_004__steady,random,4,0.4420755918508906,8.787191882981533,7.7177016799601095
M3,case_td030_pa200_pp0_5_gamma_004__steady,random,5,0.4420755918508906,8.787191882981533,7.7177016799601095
M3,case_td030_pa200_pp0_5_gamma_004__steady,random,6,0.4420755918508906,8.787191882981533,7.7177016799601095
M3,case_td030_pa200_pp0_5_gamma_004__steady,random,7,0.4420755918508906,8.787191882981533,7.7177016799601095
M3,case_td030_pa200_pp0_5_gamma_004__steady,random,8,0.4420755918508906,8.787191882981533,7.7177016799601095
M3,case_td030_pa200_pp0_5_gamma_004__steady,random,9,0.4420755918508906,8.787191882981533,7.7177016799601095
M3,case_td030_pa200_pp0_5_gamma_004__steady,random,10,0.41968308013047706,8.34209312418022,7.276122817335594
M3,case_td030_pa200_pp0_5_gamma_004__steady,random,11,0.3772451471903531,7.498549018294022,6.439249562838119
M3,case_td030_pa200_pp0_5_gamma_004__steady,random,12,0.3772451471903531,7.498549018294022,6.439249562838119
M3,case_td030_pa200_pp0_5_gamma_004__steady,random,13,0.3772451471903531,7.498549018294022,6.439249562838119
M3,case_td030_pa200_pp0_5_gamma_004__steady,random,14,0.28667268129853024,5.698228774930094,4.65316647519822
M3,case_td030_pa200_pp0_5_gamma_004__steady,random,15,0.28667268129853024,5.698228774930094,4.65316647519822
M3,case_td030_pa200_pp0_5_gamma_004__steady,random,16,0.28667268129853024,5.698228774930094,4.65316647519822
M3,case_td030_pa200_pp0_5_gamma_004__steady,random,17,0.28667268129853024,5.698228774930094,4.65316647519822
M3,case_td030_pa200_pp0_5_gamma_004__steady,random,18,0.28667268129853024,5.698228774930094,4.65316647519822
M3,case_td030_pa200_pp0_5_gamma_004__steady,random,19,0.28667268129853024,5.698228774930094,4.65316647519822
M3,case_td030_pa200_pp0_5_gamma_004__steady,random,20,0.1741069691463048,3.460746022297823,2.4333780136213745
M3,case_td030_pa200_pp0_5_gamma_004__steady,random,21,0.1741069691463048,3.460746022297823,2.4333780136213745
M3,case_td030_pa200_pp0_5_gamma_004__steady,random,22,0.1741069691463048,3.460746022297823,2.4333780136213745
M3,case_td030_pa200_pp0_5_gamma_004__steady,random,23,0.1741069691463048,3.460746022297823,2.4333780136213745
M3,case_td030_pa200_pp0_5_gamma_004__steady,random,24,0.1741069691463048,3.460746022297823,2.4333780136213745
M3,case_td030_pa200_pp0_5_gamma_004__steady,random,25,0.1741069691463048,3.460746022297823,2.4333780136213745
M3,case_td030_pa200_pp0_5_gamma_004__steady,random,26,0.1741069691463048,3.460746022297823,2.4333780136213745
M3,case_td030_pa200_pp0_5_gamma_004__steady,random,27,0.1741069691463048,3.460746022297823,2.4333780136213745
M3,case_td030_pa200_pp0_5_gamma_004__steady,random,28,0.1741069691463048,3.460746022297823,2.4333780136213745
M3,case_td030_pa200_pp0_5_gamma_004__steady,random,29,0.1741069691463048,3.460746022297823,2.4333780136213745
M3,case_td030_pa200_pp0_5_gamma_004__steady,random,30,0.1741069691463048,3.460746022297823,2.4333780136213745
M3,case_td030_pa200_pp0_5_gamma_004__steady,random,31,0.1741069691463048,3.460746022297823,2.4333780136213745
M3,case_td030_pa200_pp0_5_gamma_004__steady,random,32,0.1741069691463048,3.460746022297823,2.4333780136213745
M3,case_td030_pa200_pp0_5_gamma_004__steady,random,33,0.1741069691463048,3.460746022297823,2.4333780136213745
M3,case_td030_pa200_pp0_5_gamma_004__steady,random,34,0.1741069691463048,3.460746022297823,2.4333780136213745
M3,case_td030_pa200_pp0_5_gamma_004__steady,random,35,0.1741069691463048,3.460746022297823,2.4333780136213745
M3,case_td030_pa200_pp0_5_gamma_004__steady,random,36,0.1741069691463048,3.460746022297823,2.4333780136213745
M3,case_td030_pa200_pp0_5_gamma_004__steady,random,37,0.1741069691463048,3.460746022297823,2.4333780136213745
M3,case_td030_pa200_pp0_5_gamma_004__steady,random,38,0.12427164026810684,2.4701629512652077,1.4506285963466747
M3,case_td030_pa200_pp0_5_gamma_004__steady,random,39,0.12427164026810684,2.4701629512652077,1.4506285963466747
M3,case_td030_pa200_pp0_5_gamma_004__steady,random,40,0.12427164026810684,2.4701629512652077,1.4506285963466747
M3,case_td030_pa200_pp0_5_gamma_004__steady,random,41,0.12427164026810684,2.4701629512652077,1.4506285963466747
M3,case_td030_pa200_pp0_5_gamma_004__steady,random,42,0.09016287639581867,1.7921787816750483,0.7780060096395949
M3,case_td030_pa200_pp0_5_gamma_004__steady,random,43,0.09016287639581867,1.7921787816750483,0.7780060096395949
M3,case_td030_pa200_pp0_5_gamma_004__steady,random,44,0.09016287639581867,1.7921787816750483,0.7780060096395949
M3,case_td030_pa200_pp0_5_gamma_004__steady,random,45,0.09016287639581867,1.7921787816750483,0.7780060096395949
M3,case_td030_pa200_pp0_5_gamma_004__steady,random,46,0.09016287639581867,1.7921787816750483,0.7780060096395949
M3,case_td030_pa200_pp0_5_gamma_004__steady,random,47,0.09016287639581867,1.7921787816750483,0.7780060096395949
M3,case_td030_pa200_pp0_5_gamma_004__steady,random,48,0.09016287639581867,1.7921787816750483,0.7780060096395949
M3,case_td030_pa200_pp0_5_gamma_004__steady,random,49,0.09016287639581867,1.7921787816750483,0.7780060096395949
M3,case_td030_pa200_pp0_5_gamma_004__steady,random,50,0.09016287639581867,1.7921787816750483,0.7780060096395949
M3,case_td030_pa200_pp0_5_gamma_004__steady,random,51,0.09016287639581867,1.7921787816750483,0.7780060096395949
M3,case_td030_pa200_pp0_5_gamma_004__steady,random,52,0.09016287639581867,1.7921787816750483,0.7780060096395949
M3,case_td030_pa200_pp0_5_gamma_004__steady,random,53,0.09016287639581867,1.7921787816750483,0.7780060096395949
M3,case_td030_pa200_pp0_5_gamma_004__steady,random,54,0.09016287639581867,1.7921787816750483,0.7780060096395949
M3,case_td030_pa200_pp0_5_gamma_004__steady,random,55,0.09016287639581867,1.7921787816750483,0.7780060096395949
M3,case_td030_pa200_pp0_5_gamma_004__steady,random,56,0.09016287639581867,1.7921787816750483,0.7780060096395949
M3,case_td030_pa200_pp0_5_gamma_004__steady,random,57,0.09016287639581867,1.7921787816750483,0.7780060096395949
M3,case_td030_pa200_pp0_5_gamma_004__steady,random,58,0.058443933489307334,1.161697382605041,0.1525105356530554
M3,case_td030_pa200_pp0_5_gamma_004__steady,random,59,0.058443933489307334,1.161697382605041,0.1525105356530554
M3,case_td030_pa200_pp0_5_gamma_004__steady,random,60,0.058443933489307334,1.161697382605041,0.1525105356530554
M3,case_td030_pa200_pp0_5_gamma_004__steady,random,61,0.058443933489307334,1.161697382605041,0.1525105356530554
M3,case_td030_pa200_pp0_5_gamma_004__steady,random,62,0.058443933489307334,1.161697382605041,0.1525105356530554
M3,case_td030_pa200_pp0_5_gamma_004__steady,random,63,0.058443933489307334,1.161697382605041,0.1525105356530554
M3,case_td030_pa200_pp0_5_gamma_004__steady,random,64,0.058443933489307334,1.161697382605041,0.1525105356530554
M3,case_td030_pa200_pp0_5_gamma_004__steady,random,65,0.058443933489307334,1.161697382605041,0.1525105356530554
M3,case_td030_pa200_pp0_5_gamma_004__steady,random,66,0.058443933489307334,1.161697382605041,0.1525105356530554
M3,case_td030_pa200_pp0_5_gamma_004__steady,random,67,0.058443933489307334,1.161697382605041,0.1525105356530554
M3,case_td030_pa200_pp0_5_gamma_004__steady,random,68,0.058443933489307334,1.161697382605041,0.1525105356530554
M3,case_td030_pa200_pp0_5_gamma_004__steady,random,69,0.058443933489307334,1.161697382605041,0.1525105356530554
M3,case_td030_pa200_pp0_5_gamma_004__steady,random,70,0.058443933489307334,1.161697382605041,0.1525105356530554
M3,case_td030_pa200_pp0_5_gamma_004__steady,random,71,0.058443933489307334,1.161697382605041,0.1525105356530554
M3,case_td030_pa200_pp0_5_gamma_004__steady,random,72,0.058443933489307334,1.161697382605041,0.1525105356530554
M3,case_td030_pa200_pp0_5_gamma_004__steady,random,73,0.058443933489307334,1.161697382605041,0.1525105356530554
M3,case_td030_pa200_pp0_5_gamma_004__steady,random,74,0.058443933489307334,1.161697382605041,0.1525105356530554
M3,case_td030_pa200_pp0_5_gamma_004__steady,random,75,0.058443933489307334,1.161697382605041,0.1525105356530554
M3,case_td030_pa200_pp0_5_gamma_004__steady,random,76,0.058443933489307334,1.161697382605041,0.1525105356530554
M3,case_td030_pa200_pp0_5_gamma_004__steady,random,77,0.058443933489307334,1.161697382605041,0.1525105356530554
M3,case_td030_pa200_pp0_5_gamma_004__steady,random,78,0.058443933489307334,1.161697382605041,0.1525105356530554
M3,case_td030_pa200_pp0_5_gamma_004__steady,random,79,0.058443933489307334,1.161697382605041,0.1525105356530554
M3,case_td030_pa200_pp0_5_gamma_004__steady,random,80,0.058443933489307334,1.161697382605041,0.1525105356530554
M3,case_td030_pa200_pp0_5_gamma_004__steady,random,81,0.058443933489307334,1.161697382605041,0.1525105356530554
M3,case_td030_pa200_pp0_5_gamma_004__steady,random,82,0.058443933489307334,1.161697382605041,0.1525105356530554
M3,case_td030_pa200_pp0_5_gamma_004__steady,random,83,0.058443933489307334,1.161697382605041,0.1525105356530554
M3,case_td030_pa200_pp0_5_gamma_004__steady,random,84,0.058443933489307334,1.161697382605041,0.1525105356530554
M3,case_td030_pa200_pp0_5_gamma_004__steady,random,85,0.058443933489307334,1.161697382605041,0.1525105356530554
M3,case_td030_pa200_pp0_5_gamma_004__steady,random,86,0.058443933489307334,1.161697382605041,0.1525105356530554
M3,case_td030_pa200_pp0_5_gamma_004__steady,random,87,0.058443933489307334,1.161697382605041,0.1525105356530554
M3,case_td030_pa200_pp0_5_gamma_004__steady,random,88,0.058443933489307334,1.161697382605041,0.1525105356530554
M3,case_td030_pa200_pp0_5_gamma_004__steady,random,89,0.058443933489307334,1.161697382605041,0.1525105356530554
M3,case_td030_pa200_pp0_5_gamma_004__steady,random,90,0.058443933489307334,1.161697382605041,0.1525105356530554
M3,case_td030_pa200_pp0_5_gamma_004__steady,random,91,0.058443933489307334,1.161697382605041,0.1525105356530554
M3,case_td030_pa200_pp0_5_gamma_004__steady,random,92,0.058443933489307334,1.161697382605041,0.1525105356530554
M3,case_td030_pa200_pp0_5_gamma_004__steady,random,93,0.058443933489307334,1.161697382605041,0.1525105356530554
M3,case_td030_pa200_pp0_5_gamma_004__steady,random,94,0.058443933489307334,1.161697382605041,0.1525105356530554
M3,case_td030_pa200_pp0_5_gamma_004__steady,random,95,0.058443933489307334,1.161697382605041,0.1525105356530554
M3,case_td030_pa200_pp0_5_gamma_004__steady,random,96,0.058443933489307334,1.161697382605041,0.1525105356530554
M3,case_td030_pa200_pp0_5_gamma_004__steady,random,97,0.058443933489307334,1.161697382605041,0.1525105356530554
M3,case_td030_pa200_pp0_5_gamma_004__steady,random,98,0.058443933489307334,1.161697382605041,0.1525105356530554
M3,case_td030_pa200_pp0_5_gamma_004__steady,random,99,0.058443933489307334,1.161697382605041,0.1525105356530554
M3,case_td030_pa200_pp0_5_gamma_004__steady,random,100,0.058443933489307334,1.161697382605041,0.1525105356530554
