model_id,trial,value,best_so_far,poisson_residual_norm,boundary_gamma_uniformity
ffno,0,0.3415952055000769,0.3415952055000769,0.026729490607976913,0.7898934576975376
ffno,1,0.34302167402171163,0.3415952055000769,0.0267794132232666,0.7961660169226135
ffno,2,0.3340553183223033,0.3340553183223033,0.02667437121272087,0.7920658883079064
ffno,3,0.34208773923438784,0.3340553183223033,0.026721740141510963,0.7939596306441916
ffno,4,0.34674110732277097,0.3340553183223033,0.026749184355139732,0.7894342954655558
ffno,5,0.3515811283594954,0.3340553183223033,0.026714738458395004,0.7981741453440725
ffno,6,0.34568422904063306,0.3340553183223033,0.026557864621281624,0.79075548054376
ffno,7,0.33018372875186164,0.33018372875186164,0.02657158300280571,0.789720835645768
ffno,8,0.3513765148248407,0.33018372875186164,0.026549888774752617,0.7921819777148927
ffno,9,0.3307090118190576,0.33018372875186164,0.026689739897847176,0.7955014872667123
ffno,10,0.35150575106936993,0.33018372875186164,0.026748640462756157,0.7992083235829108
ffno,11,0.33702108516353346,0.33018372875186164,0.026777667924761772,0.7944947271162981
ffno,12,0.3478489775347324,0.33018372875186164,0.02673867903649807,0.7964947927862918
ffno,13,0.3391720517663728,0.33018372875186164,0.02677597478032112,0.7926769320702559
ffno,14,0.3601025151597805,0.33018372875186164,0.02665264718234539,0.79581260030574
ffno,15,0.3456291634497636,0.33018372875186164,0.026555174961686134,0.7885074218693853
ffno,16,0.34539055675611197,0.33018372875186164,0.02662496455013752,0.7897649150049298
ffno,17,0.343854847020874,0.33018372875186164,0.026650551706552505,0.7967783686201696
ffno,18,0.33914190048821685,0.33018372875186164,0.026495475322008133,0.7942592911851514
ffno,19,0.32359612845995506,0.32359612845995506,0.026741672307252884,0.7948405464405702
ffno,20,0.34616953994541827,0.32359612845995506,0.02672690898180008,0.798571371924125
ffno,21,0.3423093319516509,0.32359612845995506,0.026581022888422012,0.7842432629196657
ffno,22,0.34060845707049286,0.32359612845995506,0.026686882600188255,0.7896837721481146
ffno,23,0.33332710194318294,0.32359612845995506,0.026707280427217484,0.7938422909531943
ffno,24,0.3434914308154337,0.32359612845995506,0.02676604688167572,0.7966523157586839
ffno,25,0.33176687780359987,0.32359612845995506,0.02667388506233692,0.7877272075291261
ffno,26,0.34520644044608456,0.32359612845995506,0.026665542274713516,0.790358924026583
ffno,27,0.35338391359832505,0.32359612845995506,0.0266110822558403,0.7916083920609714
ffno,28,0.3385426710813073,0.32359612845995506,0.026626132428646088,0.7883836595409498
ffno,29,0.3372036678540728,0.32359612845995506,0.026636430993676186,0.7878841301675572
ffno,30,0.32771414714017394,0.32359612845995506,0.026798812672495842,0.7943778541495657
ffno,31,0.33721277534685085,0.32359612845995506,0.02669370360672474,0.7895994633221038
ffno,32,0.35036355308367756,0.32359612845995506,0.02673482336103916,0.7941778497692528
ffno,33,0.3502018290048963,0.32359612845995506,0.02678620256483555,0.798764487168741
ffno,34,0.34352078762021715,0.32359612845995506,0.02668958716094494,0.788651181466232
ffno,35,0.34883180547798825,0.32359612845995506,0.02658853307366371,0.7849718170804422
ffno,36,0.33817445140977515,0.32359612845995506,0.02677532471716404,0.7939171656063387
ffno,37,0.3203693428980706,0.3203693428980706,0.026615235954523087,0.7853523971529079
ffno,38,0.33866792170948207,0.3203693428980706,0.02669072151184082,0.7917503278323668
ffno,39,0.3526580424118748,0.3203693428980706,0.02657243423163891,0.7895254433784733
ffno,40,0.34762879756182,0.3203693428980706,0.0267200767993927,0.7947568605572933
ffno,41,0.34782537666612245,0.3203693428980706,0.026533618569374084,0.7874223658300062
ffno,42,0.3400346085674155,0.3203693428980706,0.02671707235276699,0.786404631489216
ffno,43,0.3317859518527161,0.3203693428980706,0.02662205509841442,0.7935651974364177
ffno,44,0.3367104712817246,0.3203693428980706,0.02668156661093235,0.7868080987419881
ffno,45,0.3298744471504614,0.3203693428980706,0.026599958539009094,0.7909953934189798
ffno,46,0.34404879987479525,0.3203693428980706,0.026725566014647484,0.7905332060209629
ffno,47,0.3299505336074953,0.3203693428980706,0.026719046756625175,0.7909437539665518
ffno,48,0.34926787657781044,0.3203693428980706,0.02648044377565384,0.7894487812191453
ffno,49,0.3375901953924248,0.3203693428980706,0.02689482644200325,0.7979687286861756
ffno,50,0.3438817576837672,0.3203693428980706,0.026624001562595367,0.7875994092801958
ffno,51,0.3417444553040427,0.3203693428980706,0.026603810489177704,0.791686245668859
ffno,52,0.34500592377177897,0.3203693428980706,0.026710158213973045,0.7932157468950161
ffno,53,0.32893064395436183,0.3203693428980706,0.026522787287831306,0.7860295477408259
ffno,54,0.3457797044088996,0.3203693428980706,0.026742009446024895,0.7904214294528839
ffno,55,0.3278135974656573,0.3203693428980706,0.02668061852455139,0.7892187502982236
ffno,56,0.3338485808262463,0.3203693428980706,0.02664758265018463,0.7925643028070892
ffno,57,0.3299439571543739,0.3203693428980706,0.026689060032367706,0.7885242313243234
ffno,58,0.3331063928493087,0.3203693428980706,0.026645461097359657,0.7867997242030458
ffno,59,0.3382386484147059,0.3203693428980706,0.02669178694486618,0.7931423229381432
ffno,60,0.34829143188304673,0.3203693428980706,0.02677219547331333,0.7896448571674006
ffno,61,0.335880918490307,0.3203693428980706,0.02678714133799076,0.7943190545588664
ffno,62,0.3352255222468794,0.3203693428980706,0.02661738358438015,0.7846078258431203
ffno,63,0.3512432486199557,0.3203693428980706,0.02675306610763073,0.7973193406588139
ffno,64,0.34386264462858573,0.3203693428980706,0.026689600199460983,0.7873246842642743
ffno,65,0.3408392307517472,0.3203693428980706,0.026702506467700005,0.7908960415856519
ffno,66,0.33573023818793124,0.3203693428980706,0.026614323258399963,0.7895622414465349
ffno,67,0.34294126741705155,0.3203693428980706,0.026820683851838112,0.7987828946427036
ffno,68,0.35330099463009723,0.3203693428980706,0.026666630059480667,0.7978725435218178
ffno,69,0.34354612521642824,0.3203693428980706,0.02685707062482834,0.7985426997109942
ffno,70,0.34694801537239844,0.3203693428980706,0.02673577331006527,0.7953388438184171
ffno,71,0.3360955367110589,0.3203693428980706,0.026831191033124924,0.7964547878482726
ffno,72,0.35599982238610156,0.3203693428980706,0.0266739409416914,0.7912742513425808
ffno,73,0.33216836061584143,0.3203693428980706,0.026671864092350006,0.7889578678673269
ffno,74,0.34848812844740706,0.3203693428980706,0.026655355468392372,0.7867925842080079
ffno,75,0.3427473895701394,0.3203693428980706,0.026728646829724312,0.795549013590277
ffno,76,0.3308539679269309,0.3203693428980706,0.02667972631752491,0.7873081049895548
ffno,77,0.3309792924270942,0.3203693428980706,0.026571741327643394,0.7838386586913805
ffno,78,0.3342234260569994,0.3203693428980706,0.02662747912108898,0.7940903286311797
ffno,79,0.3374447649446707,0.3203693428980706,0.02663615345954895,0.7889930231106137
unet,0,0.7192940389587925,0.7192940389587925,0.13607366383075714,0.6538824588015094
unet,1,0.7208951352415752,0.7192940389587925,0.13336174190044403,0.6483512897424684
unet,2,0.7167855290854946,0.7167855290854946,0.13493911921977997,0.6502364076590554
unet,3,0.7138200788436737,0.7138200788436737,0.13392965495586395,0.649608016347703
unet,4,0.7174770332841003,0.7138200788436737,0.1356704831123352,0.6544436882236411
unet,5,0.714131945630456,0.7138200788436737,0.13377954065799713,0.6493281154045294
unet,6,0.6999277383720595,0.6999277383720595,0.13610181212425232,0.6504095795589155
unet,7,0.7131749867735501,0.6999277383720595,0.1337932050228119,0.6458460889047556
unet,8,0.7082514896008933,0.6999277383720595,0.13446219265460968,0.646415408286273
unet,9,0.7124071112507548,0.6999277383720595,0.1346636414527893,0.6499890919311891
unet,10,0.7030481955352116,0.6999277383720595,0.1354437917470932,0.6491916397179983
unet,11,0.7172946892214962,0.6999277383720595,0.13387830555438995,0.6461639832963022
unet,12,0.7142567928181658,0.6999277383720595,0.1337113231420517,0.6501891382412931
unet,13,0.7172577833886258,0.6999277383720595,0.13407322764396667,0.6516887143548826
unet,14,0.712431841244056,0.6999277383720595,0.13591636717319489,0.6537695304872861
unet,15,0.70713843822577,0.6999277383720595,0.13673771917819977,0.651581867839284
unet,16,0.7064808636090273,0.6999277383720595,0.13511615991592407,0.6488854672887078
unet,17,0.7143927949688421,0.6999277383720595,0.13445819914340973,0.6463595489361419
unet,18,0.6993914564626688,0.6993914564626688,0.13409437239170074,0.6438208428011848
unet,19,0.7202438681278283,0.6993914564626688,0.13393601775169373,0.6489030722141919
unet,20,0.7181106916180302,0.6993914564626688,0.13349835574626923,0.6470576178274756
unet,21,0.710633931193512,0.6993914564626688,0.13577987253665924,0.649925468850495
unet,22,0.7165455490095525,0.6993914564626688,0.13399145007133484,0.6493541148561562
unet,23,0.7146083587287495,0.6993914564626688,0.13320010900497437,0.6458382249648214
unet,24,0.7140329496888534,0.6993914564626688,0.13495567440986633,0.6516912476006905
unet,25,0.7149032048092612,0.6993914564626688,0.1358373910188675,0.6517925963120784
unet,26,0.7031061925999252,0.6993914564626688,0.13507504761219025,0.6491167352013556
unet,27,0.7014486620388236,0.6993914564626688,0.1363169252872467,0.6512339820709063
unet,28,0.7236853543573859,0.6993914564626688,0.13443578779697418,0.6468018088243265
unet,29,0.7179425376528438,0.6993914564626688,0.13550356030464172,0.6498311115101408
unet,30,0.7252015142297668,0.6993914564626688,0.13425017893314362,0.6514861119378049
unet,31,0.7124226369688568,0.6993914564626688,0.1350635141134262,0.6493849345483774
unet,32,0.7191999871617223,0.6993914564626688,0.13462650775909424,0.6509267088186141
unet,33,0.7128927497169784,0.6993914564626688,0.1338893324136734,0.6488023587826119
unet,34,0.7077788693533551,0.6993914564626688,0.13648918271064758,0.6513488873257905
unet,35,0.708972424463222,0.6993914564626688,0.1347074657678604,0.6525317742746926
unet,36,0.7191192433434671,0.6993914564626688,0.13432438671588898,0.649663687269024
unet,37,0.7220739167398448,0.6993914564626688,0.13453800976276398,0.648543623659829
unet,38,0.7135029118982593,0.6993914564626688,0.13339221477508545,0.6483505049035658
unet,39,0.7029113560070966,0.6993914564626688,0.13432520627975464,0.6489619972675499
unet,40,0.7137051351388884,0.6993914564626688,0.13328400254249573,0.6468060920465778
unet,41,0.7031956352556855,0.6993914564626688,0.13507026433944702,0.6491786061678595
unet,42,0.7164131684571914,0.6993914564626688,0.13486559689044952,0.6508694418591798
unet,43,0.7119857103940977,0.6993914564626688,0.13417744636535645,0.6466412641625819
unet,44,0.7172031726041971,0.6993914564626688,0.13695615530014038,0.6544697478787656
unet,45,0.7099901545653206,0.6993914564626688,0.13315449655056,0.6465603125308567
unet,46,0.7267116743714173,0.6993914564626688,0.1343659907579422,0.6519318042214525
unet,47,0.721778732360455,0.6993914564626688,0.1341986507177353,0.6502729138196393
unet,48,0.7073588665559726,0.6993914564626688,0.13357509672641754,0.6452789207343397
unet,49,0.724939335311592,0.6993914564626688,0.13470157980918884,0.6526436851043412
unet,50,0.7174265746065268,0.6993914564626688,0.13264484703540802,0.6442937202514643
unet,51,0.715498206580039,0.6993914564626688,0.13302718102931976,0.6483928889307174
unet,52,0.7078413401768463,0.6993914564626688,0.13439229130744934,0.6459245919987084
unet,53,0.7143444412506587,0.6993914564626688,0.13389813899993896,0.6453310616191923
unet,54,0.7200847337316383,0.6993914564626688,0.1338188499212265,0.6525745300291059
unet,55,0.7132682736521727,0.6993914564626688,0.13381539285182953,0.6458101979669257
unet,56,0.7182835694817699,0.6993914564626688,0.13373549282550812,0.6459119498590975
unet,57,0.7149765454973976,0.6993914564626688,0.13349470496177673,0.6463711436046224
unet,58,0.7143603894342213,0.6993914564626688,0.13468793034553528,0.6501852162543064
unet,59,0.7196327841274476,0.6993914564626688,0.13510507345199585,0.649952673937294
unet,60,0.7209363854025106,0.6993914564626688,0.13493841886520386,0.6533551132101657
unet,61,0.7185929954258315,0.6993914564626688,0.1338430941104889,0.6507553662983536
unet,62,0.7184224616018036,0.6993914564626688,0.13269944489002228,0.6469418666778383
unet,63,0.7216033789151511,0.6993914564626688,0.13285139203071594,0.6478304356509559
unet,64,0.714603003455944,0.6993914564626688,0.13509945571422577,0.6497211805627899
unet,65,0.7099903286731198,0.6993914564626688,0.1352659910917282,0.648557560983833
unet,66,0.7101508720365172,0.6993914564626688,0.1352531462907791,0.6513950321917102
unet,67,0.715129717222965,0.6993914564626688,0.13551950454711914,0.6526540452358709
unet,68,0.7070760199123856,0.6993914564626688,0.13540244102478027,0.6476215502345448
unet,69,0.726567757546509,0.6993914564626688,0.13457627594470978,0.6497056906635766
unet,70,0.7124732923283174,0.6993914564626688,0.13702215254306793,0.6532514631757995
unet,71,0.7232441191798786,0.6993914564626688,0.1328199952840805,0.6481046194438502
unet,72,0.7101917656438256,0.6993914564626688,0.13550026714801788,0.6527354834618192
unet,73,0.724316354415164,0.6993914564626688,0.13286924362182617,0.6430570635515619
unet,74,0.7143475630320214,0.6993914564626688,0.13380862772464752,0.6500817994018585
unet,75,0.7104577839407612,0.6993914564626688,0.1340503990650177,0.650036284379166
unet,76,0.7283312103423152,0.6993914564626688,0.132255420088768,0.6475407317678314
unet,77,0.7123527586208955,0.6993914564626688,0.1344035565853119,0.6480683775817734
unet,78,0.724272959837043,0.6993914564626688,0.13234399259090424,0.6448886887381536
unet,79,0.7097539922002719,0.6993914564626688,0.13370299339294434,0.6472524564542586
