case_id,case_index,var,n_points,integral_true,integral_pred,integral_rel_error,p95_true,p95_pred,p95_rel_error,p99_true,p99_pred,p99_rel_error,peak_location_error_px,center_of_mass_error_px,profile_rmse_r,profile_rmse_z,grad_rmse,top10_rmse,shape_corr,distribution_error_score
case_g008_op01,0.0,ne,128000.0,1.1829152644254987e+23,1.0383735581654832e+23,0.1221910906105472,2.241838506343556e+18,1.7667882403466568e+18,0.21190209047292502,2.4161040391070126e+18,1.8966463305254907e+18,0.21499807134692447,35.0,21.624094680464523,2.196867520256768e+17,1.3383494128625408e+17,7413540691786427.0,5.045623429480448e+17,0.9789886546958616,0.18779051482334963
case_g053_op01,1.0,ne,128000.0,3.155287260509009e+22,3.2870939538469127e+22,0.0417732784547296,5.425025006063058e+17,5.567196034242707e+17,0.026206520342442224,5.811548120837363e+17,5.863343268635555e+17,0.00891245270988626,45.34313619501854,2.9168257133324222,1.4815420982056468e+16,1.5106955146036376e+16,2202108955300314.0,2.5584711031455308e+16,0.9929607856204461,0.04747718983997099
case_g001_op01,2.0,ne,128000.0,2.5752338593739073e+21,1.983331061740948e+21,0.22984428986067434,4.853426925537853e+16,4.0870590316911e+16,0.15790242762578002,5.0225308174573896e+16,4.438289676062687e+16,0.11632405307778064,131.47243057006287,1.8552001893985541,6126305753684444.0,5525446508526867.0,931965273328551.8,1.0200353758182902e+16,0.962598753707863,0.20845218645540067
case_g057_op06,3.0,ne,128000.0,6.207871655280191e+21,5.425508460604361e+21,0.12602760464778295,1.037144059778433e+17,9.456865623209411e+16,0.0881820578300666,1.1037210539263525e+17,1.0082798875434811e+17,0.08647218066861287,230.05434140654683,15.03633507077515,9089335651237142.0,7516148363781805.0,1161871421001494.5,1.5779112750716342e+16,0.9576060226742066,0.18934728302518855
case_g058_op02,4.0,ne,128000.0,5.151383970308241e+22,4.7000495539706015e+22,0.0876142059957206,9.6586521288974e+17,8.241957269391013e+17,0.14667624846616278,1.0535576265668375e+18,9.130786100305775e+17,0.13333776244782183,19.1049731745428,2.1073375088262374,5.7634438862648e+16,4.3283006242023704e+16,2998695175375606.0,1.5462658095120147e+17,0.989192914878843,0.12895055158459903
case_g045_op02,5.0,ne,128000.0,2.2948480535521765e+23,1.6829518871053253e+23,0.2666390768224075,4.524724063238619e+18,2.8795363044938977e+18,0.36359957773141216,4.902918347195951e+18,3.1238445281337513e+18,0.3628601769555631,35.12833614050059,29.021402261200713,7.48502264942238e+17,5.4142628680220397e+17,1.837081106311024e+16,1.7077515647532078e+18,0.9605413850654219,0.3162040469880139
case_g050_op03,6.0,ne,128000.0,1.4402042397092153e+23,1.2035105896151602e+23,0.16434728045367009,2.6170284118865085e+18,1.9744379381754102e+18,0.24554203186807635,2.832349160449696e+18,2.1200769229235264e+18,0.2514775534994707,80.15609770940699,12.818796255017888,2.74754351815493e+17,2.193197720355984e+17,9010337801044058.0,7.148614728175226e+17,0.9747055792436503,0.24320521087265512
case_g028_op04,7.0,ne,128000.0,1.3872285684441027e+22,1.2648314125808273e+22,0.08823142677962179,2.742525992194014e+17,2.5158554080656752e+17,0.0826502956666613,2.88408046235644e+17,2.823202771269215e+17,0.021108180538584945,29.68164415931166,19.448960494949432,2.2938786786539456e+16,1.1660907894157058e+16,1531035245613994.8,5.254776080212342e+16,0.9689501948376124,0.13122227081565055
case_g022_op02,8.0,ne,128000.0,2.363575887654008e+23,2.0414001521136205e+23,0.13630860647345927,4.519341912588969e+18,3.4813761353724974e+18,0.22967188526390078,4.955279861679946e+18,3.7053509118092477e+18,0.2522418480410399,14.035668847618199,2.8571808807845147,4.0674853715667405e+17,3.0036399273634816e+17,1.6329814362555504e+16,1.1008736855780376e+18,0.9850710373116286,0.2026189362051071
case_g024_op04,9.0,ne,128000.0,2.3955880988597373e+21,2.198969722475719e+21,0.08207520169164544,4.091290390521446e+16,4.117258707685867e+16,0.006347219259865606,4.282954083494526e+16,4.341914484000948e+16,0.013766292927033887,193.0181338631166,5.980933192178857,3430283977099887.5,2709835315149582.5,861140016881871.5,6055988605613429.0,0.9515612049924894,0.15489201269037242
case_g012_op02,10.0,ne,128000.0,9.99880485322929e+22,9.39217203991162e+22,0.06067053235084868,1.7078796783775122e+18,1.645391319578706e+18,0.036588267657221785,1.8113479996514657e+18,1.7721475307751762e+18,0.0216416000038824,34.48187929913333,8.422122303257314,9.308684304256971e+16,6.9279822803631016e+16,5610724040522514.0,1.0611727615333475e+17,0.981204269717364,0.060698045212877916
case_g013_op01,11.0,ne,128000.0,3.455003211061009e+22,3.4915942390641224e+22,0.010590736322898125,6.328721137714856e+17,5.914422991705341e+17,0.06546316972959675,6.890109248612808e+17,6.272574631418056e+17,0.08962624465193797,27.459060435491963,17.36726812237445,3.74947133939032e+16,1.0986589514364426e+16,2424212173536874.0,4.546833371456114e+16,0.9741050034488463,0.0723175039131772
case_g017_op04,12.0,ne,128000.0,5.768030010958468e+21,5.266499776115364e+21,0.08695000440189561,9.945171020711197e+16,9.719678537522216e+16,0.022673565162367154,1.0545316241319395e+17,1.0298530229399846e+17,0.023402428743917094,41.617304093369626,10.93255833675157,6131665742054196.0,5378784155571609.0,1145396654245084.8,7794738528807166.0,0.9712820130511671,0.07754478064412285
case_g025_op03,13.0,ne,128000.0,2.7376880542281875e+23,2.050653159399909e+23,0.2509544116128192,5.173318811894205e+18,3.4836808904149565e+18,0.3266061851039468,5.625603805086723e+18,3.6950762505255885e+18,0.34316806185596177,37.013511046643494,18.997193361446477,7.54925102362858e+17,6.114648636519464e+17,2.09882771508772e+16,1.7714639620932221e+18,0.9768229168265956,0.29455650966720054
case_g046_op04,14.0,ne,128000.0,4.839927878673685e+22,4.136277433385254e+22,0.14538448979559115,9.807045482357193e+17,7.975920775964128e+17,0.18671522526200635,1.0608113013129792e+18,8.532473255338967e+17,0.19566531344658378,26.0,25.28072094812716,1.1123854428249053e+17,6.764205797103009e+16,3480899396095136.5,2.4258376203436445e+17,0.9569993798089989,0.19940138725837986
case_g033_op01,15.0,ne,128000.0,1.1277942112366033e+22,8.504641010752391e+21,0.24590488885137776,2.3276838456267898e+17,1.630891776275382e+17,0.2993499614049941,2.4231339824783555e+17,1.8451604963076336e+17,0.23852312350453556,20.591260281974,21.68919585316341,3.2509071219846508e+16,2.4321969105582356e+16,1397358336099488.2,7.647817656580688e+16,0.9726355623629759,0.26073825488591074
case_g029_op01,16.0,ne,128000.0,1.1332359348647545e+22,9.698021413441268e+21,0.14421868252892334,1.982421612363776e+17,1.688909886726865e+17,0.14805716594611631,2.1110356123513258e+17,1.950582502684465e+17,0.07600682277839169,30.528675044947494,8.833811889946709,1.7266439696815514e+16,1.4998589514740368e+16,1255443894802950.5,3.932841392876526e+16,0.9798710966169979,0.1513302492879968
case_g010_op01,17.0,ne,128000.0,1.935893953673428e+22,1.7662937205519619e+22,0.08760822502681191,3.482366389904212e+17,3.190321584577445e+17,0.08386389386637742,3.7157163955021414e+17,3.596118097086591e+17,0.032187143927433194,50.24937810560445,17.079046843316824,2.662628328710715e+16,1.583501123432841e+16,1837992655803207.8,5.348746451146167e+16,0.9757441822460051,0.11952349907291582
case_g024_op03,18.0,ne,128000.0,5.5984898683784965e+22,5.4837550589447684e+22,0.020493885338933194,1.0072887018628579e+18,9.295965230494383e+17,0.07713000122977384,1.0894021956022043e+18,1.0191499412455292e+18,0.06448697702306423,24.351591323771842,4.072532863444171,2.5810679052443188e+16,2.4663566882647004e+16,3235219927659806.0,8.030902251155837e+16,0.9929960971855386,0.06528201531645576
case_g026_op04,19.0,ne,128000.0,5.356112944541966e+22,4.309306322974671e+22,0.19544147638522474,1.0518883397672106e+18,7.566487006834849e+17,0.28067583594382656,1.132415761870089e+18,8.070512510343997e+17,0.2873189528008487,29.120439557122072,24.61122534787735,1.3709140334430731e+17,9.623396032462138e+16,3771187409072914.5,3.189430130181332e+17,0.9668083661800407,0.24992387814528047
case_g023_op04,20.0,ne,128000.0,4.496025730154957e+22,3.38673855834247e+22,0.24672616181274734,8.768863685465604e+17,5.788599382148383e+17,0.3398689283147383,9.491579330448116e+17,6.133451459778524e+17,0.3538007484062242,60.207972893961475,26.528505287588885,1.3733973659908437e+17,9.720086075086117e+16,3423839925834685.0,3.2476916010470515e+17,0.9508827012091449,0.31650126415131785
case_g009_op04,21.0,ne,128000.0,2.445902290963307e+23,1.7898888267410067e+23,0.26820918670628197,4.6704626390012e+18,2.9942691196456397e+18,0.3588923943761644,5.059954418677827e+18,3.2368172093376195e+18,0.360307042018097,22.20360331117452,20.333324490050398,7.335610088704762e+17,5.8299340725625e+17,1.915859577232791e+16,1.7010443166364992e+18,0.9757825138404292,0.3041469930039781
case_g012_op05,22.0,ne,128000.0,2.1737188822052617e+22,2.1538809719722143e+22,0.009126253811128323,3.7081218968904006e+17,3.986053577121463e+17,0.07495214234034041,3.947237920135027e+17,4.3768478959967136e+17,0.10883812543202116,42.20189569201838,0.9773215066336493,1.9096661404882892e+16,5341579848435439.0,1890365851067446.2,3.534865881123965e+16,0.9836653016051237,0.08304638181286107
case_g032_op01,23.0,ne,128000.0,3.978020781864762e+22,3.822975170689086e+22,0.038975565910190094,7.257457718976315e+17,6.441704616122907e+17,0.11240204689314708,7.884533581967314e+17,7.116754205530285e+17,0.09737790681658258,31.25699921617557,5.936833361904179,2.6625045518603976e+16,1.7321838803237556e+16,2440838857277032.0,7.908611309512725e+16,0.9908302250539568,0.09253765713145999
case_g008_op06,24.0,ne,128000.0,6.92220771531173e+21,4.469270970026589e+21,0.35435757581491145,1.328924870645383e+17,8.550216409483837e+16,0.3566064870671369,1.3826272098382774e+17,9.162744561972282e+16,0.3372946448056649,50.00999900019995,8.829482768798089,2.400089731952413e+16,2.114910966181537e+16,1253352021612109.2,5.120798103394585e+16,0.9811042593919113,0.32860746535729274
case_g006_op05,25.0,ne,128000.0,1.2192748528631447e+23,1.2355776662522672e+23,0.013370909234156412,2.1630355802679145e+18,2.0003121543243628e+18,0.07522919522359256,2.3298333303859523e+18,2.1810088845303086e+18,0.06387772203043807,46.04345773288535,8.24043613956786,1.0290903484048323e+17,3.407397898858512e+16,7367739801260502.0,1.774346436120565e+17,0.9842846604811992,0.07517605069898263
case_g021_op05,26.0,ne,128000.0,1.8822045942622726e+22,1.947507067573024e+22,0.034694673209182327,3.247880296737014e+17,3.499077781235432e+17,0.07734197739700682,3.488751717783175e+17,3.982443468130615e+17,0.1415095685459503,72.27724399837061,13.538461188613855,2.246541810180742e+16,7779055793587718.0,1908156342640455.5,4.215461486868484e+16,0.9708003877587577,0.12582003071051864
case_g056_op02,27.0,ne,128000.0,1.1765470098305172e+21,1.060925282537883e+21,0.0982720846056883,1.94809686724182e+16,1.963639784802877e+16,0.007978513708644774,2.0061808839664596e+16,2.1841073903312564e+16,0.08868916446507795,472.2298169323915,15.017298444766544,1637893852072885.5,1516623360842909.0,821681055693973.5,2645722267578451.0,0.9236508026273825,0.2505746140436083
case_g038_op01,28.0,ne,128000.0,1.0921043987116509e+23,8.883548874675226e+22,0.18656596519938048,2.0528558771265336e+18,1.555178452103987e+18,0.24243174134521617,2.2261828860059738e+18,1.6831731944296701e+18,0.2439196235806686,70.11419257183242,24.998542233251914,2.5987770791515782e+17,1.8528051800777558e+17,7133672944753754.0,5.791866054181298e+17,0.9568905033279862,0.24942490626674688
case_g015_op03,29.0,ne,128000.0,1.8465980090870748e+23,1.5836017989364706e+23,0.142422015434006,3.346467268107173e+18,2.737972464430822e+18,0.1818319902529713,3.6127871372914954e+18,2.9435585356146463e+18,0.18523886856466432,21.213203435596427,22.158213160870147,3.388720972146355e+17,2.479514334805227e+17,1.1729495320079204e+16,6.976111768872517e+17,0.9712253586041556,0.1806541369045264
case_g052_op04,30.0,ne,128000.0,5.619318528507025e+22,5.597171035629646e+22,0.003941312948362761,9.286626150526746e+17,9.557243140675469e+17,0.029140506548050667,9.656982417411407e+17,1.0199906264617372e+18,0.05622085903636736,42.04759208325728,10.572777723336547,6.172902700137391e+16,2.3237452932684624e+16,3597618386329874.0,6.2585113229069176e+16,0.971031562263905,0.06282185724809615
case_g034_op01,31.0,ne,128000.0,8.734859833808949e+21,6.908758886448892e+21,0.2090589868760106,1.4986240836868506e+17,1.1693502011906458e+17,0.21971746355906635,1.5976744631303926e+17,1.2250512137226552e+17,0.2332285193303025,228.42942017174582,6.152799638975132,1.7728437013455748e+16,1.6350803872235956e+16,1296987100441263.5,4.1014578980920376e+16,0.969685143432528,0.28394963261508305
case_g007_op03,32.0,ne,128000.0,2.432978294932345e+21,1.6124905970752364e+21,0.33723592995716567,3.9827657152318664e+16,2.7842132905138584e+16,0.3009347047791967,4.1529526733494024e+16,3.0014017872959896e+16,0.27728485649336193,192.35384061671346,8.790166700886202,7097325934467265.0,7139262760192062.0,839799281962034.1,1.2986711462088478e+16,0.9586504720880528,0.3334572824478854
case_g039_op03,33.0,ne,128000.0,6.845571032428285e+21,6.333162728984146e+21,0.07485252888572776,1.145934262831153e+17,1.1289845566495784e+17,0.014791167985237217,1.2274051066269533e+17,1.1634701392773381e+17,0.05208953996070267,164.07315441594946,25.58800706208943,1.013449951028534e+16,5718899961432479.0,1192802713359088.8,8081857094061346.0,0.940012506136371,0.1211398325733885
case_g004_op01,34.0,ne,128000.0,5.465899591064456e+22,5.103768744685766e+22,0.0662527440077192,9.917958752168837e+17,8.400393115382316e+17,0.15301189233668305,1.0769123599243747e+18,9.190165033349283e+17,0.1466190401979735,32.802438933713454,10.143225730662847,6.398449687899859e+16,3.785298734420017e+16,3319297672426763.0,1.5871130681558794e+17,0.9770960813804355,0.13802574527601075
case_g055_op06,35.0,ne,128000.0,9.474004995372548e+22,8.473119029313082e+22,0.10564549697285727,1.794990005788501e+18,1.5268526205188436e+18,0.14938099064895366,1.9645403599020544e+18,1.6337521547442493e+18,0.16837943974553776,19.235384061671343,8.855281383366682,1.0959490078639531e+17,1.0084887717293757e+17,5675455342692207.0,2.885367543827717e+17,0.9885996002503606,0.1379144339221323
case_g040_op04,36.0,ne,128000.0,3.058481725045155e+22,2.8227174238057797e+22,0.07708540460083817,5.737780470108651e+17,5.199261098120839e+17,0.09385499755406543,6.132133750068216e+17,5.424306877223246e+17,0.11542913147272695,32.31098884280702,19.062314295430184,4.323713546999164e+16,2.185441144553555e+16,2197938354682530.5,8.229103426176581e+16,0.9791338998027157,0.12067236233594979
case_g019_op06,37.0,ne,128000.0,2.759409804474556e+21,2.040796834490977e+21,0.2604227066303464,5.045589367293214e+16,3.75838867799933e+16,0.25511404032160145,5.2175006345210104e+16,3.916851577989627e+16,0.24928584539612395,152.88230767489088,6.671646821418286,7182700117647959.0,6638773190348184.0,834618980752189.9,1.4432049668911462e+16,0.9695457901758846,0.2812073793158387
case_g045_op03,38.0,ne,128000.0,7.629535384995501e+21,4.887151158704888e+21,0.3594431492753644,1.5418523110458e+17,9.885645780465744e+16,0.3588461287994207,1.6012580103254966e+17,1.0558171318954491e+17,0.34063272434101527,79.37883848986453,10.055419043053611,2.7425030113270948e+16,2.3415736662030612e+16,1296514249557080.0,6.006671814443178e+16,0.9796818318270691,0.34120922044205965
case_g028_op02,39.0,ne,128000.0,9.089996353479594e+22,7.260900405316637e+22,0.20122075708674958,1.766134319549933e+18,1.339948040790527e+18,0.24131022994220044,1.8892098317346614e+18,1.4473304928923576e+18,0.23389637901501537,57.56735185849702,31.0524413071582,2.4966959450310774e+17,1.6706778572510227e+17,6330853813627526.0,5.1157083279002765e+17,0.9455725413938515,0.24740289931181506
case_g035_op06,40.0,ne,128000.0,1.8379886654500951e+22,1.6683352689605142e+22,0.09230383172577152,3.347688808345763e+17,3.2765240692891974e+17,0.021257871663325635,3.586441109707948e+17,3.4346695823632365e+17,0.042318142889308664,10.816653826391969,5.609403886814706,1.88224347237592e+16,1.4863882235249894e+16,1781021755735920.0,1.672606114204783e+16,0.988376448724565,0.05397304697107829
case_g049_op01,41.0,ne,128000.0,4.4037855907201784e+21,2.5188169138825923e+21,0.4280337082735505,8.458160442693386e+16,4.451401987879076e+16,0.4737151159476483,8.75466277123837e+16,4.61877468156081e+16,0.47242117689160606,132.81566172707193,17.899770595906716,1.881119976478418e+16,1.6496122053001684e+16,921159293811327.5,4.089611794295728e+16,0.97218518909464,0.4430904189064975
case_g018_op01,42.0,ne,128000.0,9.954879672280587e+22,8.237949354352478e+22,0.1724712276240676,1.7636158469348257e+18,1.3293175775441185e+18,0.2462544607690615,1.8901222545870236e+18,1.4251643755849108e+18,0.24599354770504106,32.38826948140329,25.05250170487412,2.1863538047436944e+17,1.5514622770003357e+17,6219542708441139.0,4.8191048245574694e+17,0.961189036934195,0.23172740937869132
case_g060_op05,43.0,ne,128000.0,1.6091333476956944e+21,1.5279302349214033e+21,0.050463880380439176,2.8580503496320612e+16,3.0536021540916428e+16,0.06842139939373583,2.9515137922377972e+16,3.430174067582304e+16,0.16217450062518365,150.88074761214565,6.203508827163673,2282888792044827.5,1527521540209984.2,852624362426326.5,4668157206774915.0,0.9392387674864883,0.17343828554465526
case_g002_op01,44.0,ne,128000.0,2.2087886593859767e+23,2.0659435209824094e+23,0.06467125670741038,3.6768811912605435e+18,3.2507398825267164e+18,0.11589749207744546,3.9056459928524815e+18,3.476083300801152e+18,0.10998505569563902,14.560219778561036,1.8290240230247599,1.7037900214697155e+17,1.622937009234738e+17,1.4978827116449144e+16,4.351668048724994e+17,0.9931626435038734,0.09790800432274936
case_g050_op01,45.0,ne,128000.0,8.384490085313008e+22,7.056528470883887e+22,0.15838310987513637,1.509793154730033e+18,1.1863137208460378e+18,0.2142541399598786,1.6320319468123612e+18,1.2625692296629714e+18,0.22638203735595616,53.45091205957107,11.610421374832164,1.423058159077988e+17,1.2004000647077797e+17,5036306970521031.0,3.427166784498974e+17,0.9854311082702162,0.20377926693941287
case_g057_op03,46.0,ne,128000.0,4.888595212932897e+22,4.772062590972267e+22,0.02383765005790202,8.489407137225637e+17,7.897252265184977e+17,0.06975220559797282,9.130233829359037e+17,8.617749714177937e+17,0.05613044799938911,21.18962010041709,3.5483516172768232,2.6660259592618068e+16,2.248743101520558e+16,3077570975791562.5,8.583540523658955e+16,0.9904092370598568,0.07555314715456028
case_g013_op06,47.0,ne,128000.0,3.168313825215115e+21,1.8960911394296724e+21,0.40154566623433025,5.187014630236487e+16,3.5855435495899132e+16,0.3087462046687074,5.493010790715752e+16,3.884712457972744e+16,0.2927899459912481,234.47814397081873,21.603833619569123,1.2157380876477882e+16,1.1131164977980922e+16,821438728597490.0,2.5396729226714916e+16,0.8596057747478257,0.46439540456482103
case_g001_op05,48.0,ne,128000.0,8.985571139214394e+21,7.481718348434731e+21,0.16736307213868923,1.6545090025721686e+17,1.3839135817492067e+17,0.16355028615878367,1.761536560495539e+17,1.5561839881293398e+17,0.11657582191108834,22.02271554554524,5.709594345462628,1.4662510951068508e+16,1.3090242589724108e+16,1179332055840283.0,2.8460453048008476e+16,0.9864849607021481,0.14294145445872417
case_g044_op06,49.0,ne,128000.0,8.500178994269134e+22,7.637235691724877e+22,0.1015206036397655,1.4624557500523866e+18,1.2257842572658998e+18,0.1618315581705696,1.567564937124779e+18,1.3143949067758966e+18,0.16150529037300734,5.0,9.080656539880854,9.690777854117842e+16,8.352848971519835e+16,4836614975507044.0,2.451921897466044e+17,0.9905649731559742,0.13646264791586402
case_g051_op01,50.0,ne,128000.0,2.3072817615020322e+23,1.689254553284626e+23,0.26785944331960254,4.1913288692821125e+18,2.715096286637326e+18,0.35221110742799683,4.5402780763322895e+18,2.995078596598683e+18,0.3403314629093916,18.027756377319946,13.562352881102159,6.306384490252906e+17,5.59058575634864e+17,1.6888460710356078e+16,1.498314117364918e+18,0.9775054705843061,0.3047772108609194
case_g014_op02,51.0,ne,128000.0,2.896964733761482e+22,2.3104078636587613e+22,0.20247290664844317,5.437339828351925e+17,4.394651614334418e+17,0.1917644007793328,5.873973182126147e+17,4.6790958084519885e+17,0.20341893580822573,52.3450093132096,16.42402183888346,6.385992353290654e+16,4.935907100041936e+16,2340231220270100.5,1.2708620306890414e+17,0.9773150193951241,0.20805608275387452
case_g048_op06,52.0,ne,128000.0,1.973347468766039e+21,1.2205040851798152e+21,0.3815057386000992,3.799363503521792e+16,2.1089075831871896e+16,0.44493134672890516,3.981940557525024e+16,2.4561026204528804e+16,0.38318953159374347,573.3550383488401,13.985343962350584,7523664148116120.0,6737863425882778.0,811493876008785.8,1.7147648359544284e+16,0.9553721237701454,0.5332535303859269
case_g058_op05,53.0,ne,128000.0,8.479087458735079e+21,6.243288061570558e+21,0.26368396458291277,1.490742913187971e+17,1.0954820508041872e+17,0.2651435461386925,1.598659671934527e+17,1.1425724673745222e+17,0.285293494648612,67.4166151627327,4.568923757764746,2.0464082486497028e+16,1.8909711170514508e+16,1252345454704651.8,4.35780956569379e+16,0.9742996076800112,0.2651858172580697
case_g037_op02,54.0,ne,128000.0,8.287067404874621e+21,4.6399351297431044e+21,0.4400992651497198,1.767008721633804e+17,9.257555174757499e+16,0.47608888052358805,1.847703357465035e+17,9.797829891289251e+16,0.469729280314161,88.56635930193812,21.30514730676935,3.8485812799763944e+16,3.095955216751074e+16,1355589851108688.0,8.622628145654717e+16,0.9770590170055221,0.4312986505560729
case_g043_op05,55.0,ne,128000.0,9.453638439836812e+22,8.592511946858852e+22,0.09108942535280887,1.6161553603717233e+18,1.3773615490096161e+18,0.14775424270299325,1.731854396105383e+18,1.4810737131004308e+18,0.1448047154361885,5.0990195135927845,4.124100410235015,8.989362248215914e+16,8.656230199649411e+16,5372432146916115.0,2.4682700378547494e+17,0.9920347159813375,0.12367311220246209
case_g053_op04,56.0,ne,128000.0,2.008587782712609e+23,1.7351679219696724e+23,0.13612542259600993,3.4663088815740027e+18,2.8900513739949696e+18,0.16624528490298954,3.703739943106359e+18,3.060159522726803e+18,0.17376501327460356,43.56604182158393,20.205914370382335,3.282537097956201e+17,2.652963301594242e+17,1.3073063390773824e+16,6.3577655488498e+17,0.9792479170241357,0.1688251068991707
case_g047_op03,57.0,ne,128000.0,4.846550936286707e+21,2.9350713102605966e+21,0.394399986950438,7.875994032495656e+16,4.8390443470789016e+16,0.3855957321560387,8.373695358152211e+16,5.139765368595677e+16,0.38620105595412446,251.04780421266383,21.068220921597987,1.6923377576584054e+16,1.6182023585504974e+16,972866998794294.6,3.282803067952379e+16,0.9335724780605519,0.43651309251333004
case_g020_op02,58.0,ne,128000.0,2.8347789179105048e+23,1.9895546966519753e+23,0.2981623067387344,5.125269521541208e+18,3.0196780499615084e+18,0.41082551126921657,5.516045629755123e+18,3.2195956411751357e+18,0.4163217896879389,7.0,26.504296271585964,9.284533031933467e+17,7.669009537330253e+17,2.3243603411762944e+16,2.1355909731563464e+18,0.9580951452300803,0.3515972351897509
case_g027_op03,59.0,ne,128000.0,1.876933613423482e+21,8.750429287231167e+20,0.5337912207096877,4.199738121471917e+16,1.5869620905626828e+16,0.6221283221329793,4.580789904895639e+16,1.9580881594681916e+16,0.5725435568709407,615.1430727887619,43.34018015676931,1.1134528810293544e+16,8841804393754342.0,959038316036558.5,2.604785580077276e+16,0.9031757072194799,0.7049159574537202
case_g041_op04,60.0,ne,128000.0,1.1093088769758156e+23,8.212243875936212e+22,0.2596972722039031,2.1357623249079368e+18,1.3738455788299484e+18,0.35674229158941234,2.301861041267162e+18,1.4660354616698967e+18,0.3631086171635921,80.62257748298549,31.38520536246336,3.537810166616728e+17,2.560751604731815e+17,8318945154456143.0,8.011651665666881e+17,0.9517955201248093,0.3287109725546815
case_g031_op03,61.0,ne,128000.0,2.2163480786905362e+23,1.4774626002148647e+23,0.3333797094327441,4.2984282837263304e+18,2.581355444318083e+18,0.3994652756936793,4.61911849163127e+18,2.70527887925431e+18,0.41433005363347497,115.11733144926528,46.85712077464014,9.092980862831354e+17,6.640634469246035e+17,1.9800576868547132e+16,1.9754791263243249e+18,0.8924883497475428,0.4150864793710065
case_g054_op02,62.0,ne,128000.0,1.48577562103391e+22,1.0680213690652044e+22,0.28116913890268436,2.785711201160526e+17,2.0732001785709853e+17,0.25577347080799656,3.0010839751779674e+17,2.3785124917804006e+17,0.20744887132345158,48.54894437575342,15.255122569191027,4.333691091024958e+16,3.5203618311266064e+16,1454258203302946.5,9.432124403959694e+16,0.9642694537099071,0.27427783492101554
case_g059_op06,63.0,ne,128000.0,1.0555708401030273e+22,8.488438161735427e+21,0.1958438184113795,1.790300329280012e+17,1.3966559336726526e+17,0.21987617896806605,1.9259194570050634e+17,1.4806663220521072e+17,0.23118990429919395,39.698866482558415,19.671237648731754,2.1021600329942664e+16,1.7209914919531346e+16,1222516204900968.5,4.239549005866528e+16,0.9539237143481932,0.22231075082086993
case_g016_op02,64.0,ne,128000.0,2.990600323101362e+22,2.4020339884986993e+22,0.19680541396862344,5.889084780602982e+17,4.669073842428182e+17,0.2071647774868481,6.250455797233772e+17,4.814058840408876e+17,0.2298067538467504,43.04648650006177,30.949753411221774,8.61512400476775e+16,5.135168201003507e+16,2566274347826757.0,1.9153688435328566e+17,0.9282222476214586,0.26232401823778545
case_g042_op06,65.0,ne,128000.0,3.113597775791473e+23,2.51505286374916e+23,0.19223578481975354,5.48107934579766e+18,3.932691862335888e+18,0.2824968196544937,5.868730564999622e+18,4.1912308340766013e+18,0.2858368964708347,17.4928556845359,15.506214396432329,6.606633850800239e+17,5.6888748408592083e+17,2.455648188246014e+16,1.5628492869128392e+18,0.9851726169812098,0.2396848853154151
case_g003_op04,66.0,ne,128000.0,3.0785071537188044e+22,2.7095936085032903e+22,0.1198352080390232,5.6649539910253926e+17,4.9847185653335315e+17,0.12007783766108472,6.072607035789987e+17,5.229044040310823e+17,0.1389128245097164,38.3275357934736,18.51435210458651,5.025577672069848e+16,3.192170796529545e+16,2283974520592274.5,9.489443931703798e+16,0.9778163258510606,0.14618962536759997
case_g030_op03,67.0,ne,128000.0,3.056524511994662e+21,1.81145005087216e+21,0.40734973864481683,4.9805184867500024e+16,3.29720264889729e+16,0.3379800400964171,5.219381297620713e+16,3.637415710017192e+16,0.3030944660672079,215.95601403989656,10.193438064850923,1.1597719618311562e+16,1.0777197803228676e+16,888059788194666.5,2.2503356195951184e+16,0.9046227446912889,0.42991443529559586
case_g011_op02,68.0,ne,128000.0,1.6810630700921914e+23,1.2704491253436581e+23,0.24425850050112324,3.3246094442394286e+18,2.0425279788642463e+18,0.38563370732061564,3.632519929538679e+18,2.2157171241038484e+18,0.39003304397968186,83.38465086573187,38.48572845214473,5.825649743551849e+17,3.744218878002307e+17,1.4076482750185532e+16,1.4101702111954015e+18,0.9137820502930233,0.36872211608845057
case_g036_op02,69.0,ne,128000.0,3.1571574597021323e+23,2.4252178594093072e+23,0.2318350001972601,5.667403520825463e+18,3.8361613109991306e+18,0.32311837388977904,6.100115733697989e+18,4.105643392117611e+18,0.32695647568825653,25.632011235952593,16.794942734554663,7.894385163572626e+17,6.773309701111416e+17,2.5247020682970416e+16,1.8562658327723917e+18,0.9832311643427637,0.2781032084792567
case_g005_op02,70.0,ne,128000.0,6.676613725222993e+21,4.061179234849036e+21,0.39173068834180663,1.1786757734861371e+17,7.298792174995373e+16,0.3807633668919881,1.25743571037512e+17,7.944567849710779e+16,0.36819291959342043,94.847245611035,4.469413109960522,2.439796705011668e+16,2.236915296823505e+16,1171919154905724.2,5.231623551373686e+16,0.9559275617929697,0.3863703564917955
case_g022_op05,71.0,ne,128000.0,2.884075476194387e+21,1.495895852896365e+21,0.48132569163195454,4.8150319150714056e+16,2.7747653073554628e+16,0.423728574120092,5.048162039818616e+16,3.0938001746490816e+16,0.3871432512970118,188.2471779336944,8.829201001826512,1.2881719355759556e+16,1.21775779518695e+16,878968890296115.6,2.6057862143597948e+16,0.8760524090076471,0.4979030259071429
case_g008_op01,0.0,ni,128000.0,1.1829362307684473e+23,1.039880311272746e+23,0.12093290895551544,2.2418386437825096e+18,1.7715983563280612e+18,0.20975652675031167,2.4161043112361405e+18,1.902297662237463e+18,0.21265913338642276,35.014282800023196,21.56737803737372,2.1884376459121315e+17,1.3232246122369722e+17,9237042365216894.0,5.002356091642476e+17,0.9789164447682805,0.18623060145655923
case_g053_op01,1.0,ni,128000.0,3.1554251941441457e+22,3.288566552681944e+22,0.04219442716781336,5.425026036855209e+17,5.586248732506061e+17,0.029718326613656174,5.811549495226898e+17,5.896177496467544e+17,0.014562037423952508,44.68780594300866,2.2911256798137147,1.5303708518888972e+16,1.47119588865688e+16,2240446197667770.0,2.5982704240265016e+16,0.9931085658983705,0.0484908842818346
case_g001_op01,2.0,ni,128000.0,2.5758732686918156e+21,2.0807758276535845e+21,0.19220566751316598,4.853452824190648e+16,5.101105362942033e+16,0.05102605252842503,5.022560839278789e+16,5.755697153817181e+16,0.1459686279566633,24.041630560342615,11.957845583384906,5347663958233699.0,4444822783215739.0,838745184052671.1,6975839308006621.0,0.9345793789128535,0.15079802747459886
case_g057_op06,3.0,ni,128000.0,6.208659854504011e+21,5.688279247584265e+21,0.08381528689194348,1.0371464606651514e+17,9.985892593487051e+16,0.03717623573792887,1.1037232881683398e+17,1.0316031001360334e+17,0.06534263506570737,230.15212360523637,17.58184236816608,6981486669067610.0,5555311464184051.0,873020634954402.5,8903050464119915.0,0.968056793563543,0.1434610884007137
case_g058_op02,4.0,ni,128000.0,5.151545875964801e+22,4.6972204458072185e+22,0.08819205750982365,9.658654190481702e+17,8.386992198943506e+17,0.1316603707368858,1.0535577633185961e+18,9.354807203290573e+17,0.112074579202576,19.026297590440446,1.7943456527467663,5.630153381610064e+16,4.278795223703566e+16,2985841921120046.5,1.4308353015299262e+17,0.9900821635415653,0.11894710112237865
case_g045_op02,5.0,ni,128000.0,2.294873337768169e+23,1.6765009215033155e+23,0.26945819017019856,4.5247243243726305e+18,2.876490684772752e+18,0.36427272059904164,4.902918891454207e+18,3.119897820150733e+18,0.36366521877636643,36.22154055254967,28.544828157353184,7.513312977007488e+17,5.4519762856860397e+17,2.121999905421089e+16,1.7116489020819195e+18,0.9605772588745282,0.3174026524447721
case_g050_op03,6.0,ni,128000.0,1.4402277632803862e+23,1.2015509945384147e+23,0.165721544069072,2.6170284256304036e+18,1.976443839085491e+18,0.24477555546253008,2.832349160449696e+18,2.1225183527588744e+18,0.2506155729677483,80.09993757800315,12.423142821014627,2.7522607062032048e+17,2.2024273406568074e+17,1.0178442700867506e+16,7.131302534135062e+17,0.9751435988360185,0.24274786337589052
case_g028_op04,7.0,ni,128000.0,1.387322664141036e+22,1.2695287072349724e+22,0.08490739750077962,2.7425283801958307e+17,2.584663154969542e+17,0.05756192948312033,2.8840821837793325e+17,2.885135588074192e+17,0.0003652476690102942,30.23243291566195,17.23810451803535,2.1876384212875412e+16,1.1198426670224124e+16,1462256721348190.2,5.000198716738857e+16,0.9686808311385114,0.12223961192416434
case_g022_op02,8.0,ni,128000.0,2.3636029896638628e+23,2.033243417257115e+23,0.1397694849141012,4.5193419263328645e+18,3.476228304394623e+18,0.23081095410381056,4.955279861679946e+18,3.7014233985504717e+18,0.25303443965410866,15.0,2.68289486843423,4.111833181951593e+17,3.052362322111267e+17,1.8914582691973908e+16,1.1062244963215108e+18,0.9849622578200742,0.20420312808418806
case_g024_op04,9.0,ni,128000.0,2.3962297791375433e+21,2.3061703300818036e+21,0.03758381180295408,4.0913189950036376e+16,5.123182139088567e+16,0.25220794207077274,4.282985007259058e+16,5.43868587539746e+16,0.26983537560361565,78.77182237323191,16.897365647250165,3626741183537544.0,2323650885825054.0,781207076298664.2,9104028382230062.0,0.9246195902515235,0.20402306931469757
case_g012_op02,10.0,ni,128000.0,9.999016211296586e+22,9.377411418473752e+22,0.06216659516168837,1.7078796852494597e+18,1.6458487988792328e+18,0.03632040764110762,1.8113481357160297e+18,1.77260165106768e+18,0.021390965041092516,33.24154027718932,7.939251571391711,9.193596619372938e+16,6.9150104731347336e+16,6024933112627405.0,1.0432092214930165e+17,0.9821891086379204,0.059723580266250964
case_g013_op01,11.0,ni,128000.0,3.4551457598469873e+22,3.4826083738869133e+22,0.007948322863560548,6.328722546464128e+17,5.917378753838711e+17,0.06499633845620799,6.890110623002342e+17,6.282726965161178e+17,0.08815296169751473,23.53720459187964,17.948649980827945,3.7469433665612136e+16,8780829998815379.0,2368053103266048.5,4.474515772239727e+16,0.9747540964167039,0.069980426925548
case_g017_op04,12.0,ni,128000.0,5.768798015467018e+21,5.539155170950398e+21,0.039807745721190536,9.945199711092734e+16,1.0256368974996437e+17,0.03128838765868408,1.0545341976763432e+17,1.0820509278603837e+17,0.026093729577166252,40.45985664828782,14.632965704445224,4844164500927419.0,3652095274671400.0,853362292115664.9,5104860744682220.0,0.9777716380087692,0.05604271909697711
case_g025_op03,13.0,ni,128000.0,2.7377156155555137e+23,2.0418996411767003e+23,0.25415933284861086,5.173318811894205e+18,3.4796404050852045e+18,0.32738720894505674,5.625603805086723e+18,3.6914497340724736e+18,0.3438127066938787,38.0,18.5887381433838,7.595119531059574e+17,6.168690071372216e+17,2.385660879988146e+16,1.7770963724802744e+18,0.9768421085523631,0.2959182335067763
case_g046_op04,14.0,ni,128000.0,4.840075234185993e+22,4.136479481140024e+22,0.14536876370771956,9.807046203911699e+17,8.10301854769899e+17,0.17375544285016523,1.0608114387519327e+18,8.701128814520329e+17,0.17976668645679453,25.632011235952593,24.67089411391302,1.1074219305510077e+17,6.7522035284696376e+16,3531037162933219.0,2.3573634702687594e+17,0.9565534442118149,0.19313635553046474
case_g033_op01,15.0,ni,128000.0,1.1278795089185065e+22,8.479000904567768e+21,0.2482352203828886,2.327685563613708e+17,1.6012782945970422e+17,0.31207276462587413,2.4231360423446707e+17,1.8044904820371882e+17,0.25530781165256816,20.591260281974,19.182998168011206,3.217438064988537e+16,2.4217080312701996e+16,1184055258643296.2,7.940541912659474e+16,0.9707531986705259,0.2698213718121538
case_g029_op01,16.0,ni,128000.0,1.1333285080122196e+22,9.57279819421548e+21,0.15533773953983473,1.9824241635743498e+17,1.628193385762259e+17,0.17868566390625798,2.111037840580359e+17,1.927382302250237e+17,0.08699774812166891,29.68164415931166,6.043378655422818,1.7616729344209002e+16,1.5826783119990914e+16,1043630583150329.0,4.222592937138695e+16,0.9812218040321474,0.16118630712328472
case_g010_op01,17.0,ni,128000.0,1.936003697480597e+22,1.7825963520074705e+22,0.07923918000402684,3.4823677814736154e+17,3.240171912772452e+17,0.06954919293408887,3.71571811348906e+17,3.6619942745488755e+17,0.01445853460873479,47.38143096192854,15.532282649787193,2.4800990092670016e+16,1.4761337203741556e+16,1919657366629522.8,4.944934628962992e+16,0.9762919637204156,0.10806340002404462
case_g024_op03,18.0,ni,128000.0,5.598660898077558e+22,5.509513013458139e+22,0.01592307272084125,1.0072888427377852e+18,9.51669861504149e+17,0.055216516726687113,1.0894023330411578e+18,1.0429548875061234e+18,0.04263571329553925,25.632011235952593,4.149043306947545,2.2636932020398516e+16,2.0592217752913424e+16,3230115000849490.5,6.224268182240154e+16,0.9940848720663675,0.05161473621271556
case_g026_op04,19.0,ni,128000.0,5.3562692657252785e+22,4.2983563142829384e+22,0.19750929218811236,1.0518884119226611e+18,7.655294114333719e+17,0.27223324950017935,1.1324158993090424e+18,8.203965747909204e+17,0.2755342138065215,30.364452901377952,24.02323711009925,1.3696884452022565e+17,9.674703048960842e+16,3740749444127171.5,3.119356488780002e+17,0.9676124858040179,0.24508434876724125
case_g023_op04,20.0,ni,128000.0,4.496170931851755e+22,3.3789628948679167e+22,0.2484798851994967,8.768864441379848e+17,5.786004156749706e+17,0.34016494434036043,9.491580704837651e+17,6.143724836007968e+17,0.352718474713422,60.207972893961475,26.024719806076547,1.3742067448554334e+17,9.829200947599958e+16,3418544877869865.5,3.242931867146009e+17,0.9515315891612759,0.31610315169321496
case_g009_op04,21.0,ni,128000.0,2.4459286023792766e+23,1.7827381807161947e+23,0.271140548018435,4.6704626390012e+18,2.9902346541420503e+18,0.359756220043005,5.059954418677827e+18,3.2318071361715876e+18,0.3612971839742257,23.08679276123039,19.858986157599713,7.369653811436035e+17,5.872162885387834e+17,2.2198940060019344e+16,1.7055066101001167e+18,0.9758175996701118,0.30539270643763367
case_g012_op05,22.0,ni,128000.0,2.1738389900939133e+22,2.1630519763511426e+22,0.004962195356660067,3.708123924114964e+17,3.999692348849127e+17,0.0786296333943999,3.947239294524562e+17,4.3936696336277037e+17,0.11309938561931385,42.05948168962618,1.5168004575139322,1.9881697265717844e+16,5221430628965947.0,1936748309756160.5,3.650135785337966e+16,0.9827511181333196,0.08491733576268123
case_g032_op01,23.0,ni,128000.0,3.978168829495014e+22,3.812260030804878e+22,0.041704815909282655,7.25745909336585e+17,6.454561446104659e+17,0.11063068174853799,7.884535643551616e+17,7.177072018424699e+17,0.08972800138274696,32.38826948140329,6.442673230895561,2.6552988714012668e+16,1.7435305429762256e+16,2423422962622507.5,7.681442241737027e+16,0.9916537199507997,0.09037408983039918
case_g008_op06,24.0,ni,128000.0,6.922972935734734e+21,4.883384583025252e+21,0.2946116316852279,1.3289268678051757e+17,9.696571957067114e+16,0.27034570584898,1.3826293590399123e+17,1.0170595729316248e+17,0.2644018685977683,45.60701700396552,1.8385087523247976,1.9240625916153544e+16,1.6893901738650322e+16,953726235191482.1,3.9080527346892344e+16,0.9808800476099773,0.2574877431807772
case_g006_op05,25.0,ni,128000.0,1.2192979146484158e+23,1.2345404269038684e+23,0.012501056609981792,2.163035717706868e+18,2.002728489181197e+18,0.07411215044364587,2.329833605263859e+18,2.183143682562903e+18,0.06296154470840126,46.09772228646444,8.466428979149965,1.0382875569919798e+17,3.307734061746352e+16,8628117148597769.0,1.7597945134524176e+17,0.9843114891203248,0.07458761755357492
case_g021_op05,26.0,ni,128000.0,1.8823197411898999e+22,1.9561739791030202e+22,0.039235755911710156,3.247882031903801e+17,3.52667299765184e+17,0.08583777458955952,3.48875343233412e+17,4.0274861233216154e+17,0.15441982399629237,70.61161377563892,15.109687270252657,2.371168975852085e+16,8088778207355276.0,1970096925515586.5,4.410382343780618e+16,0.9696249666144101,0.13203890188923592
case_g056_op02,27.0,ni,128000.0,1.1771358942482882e+21,9.696365689924266e+20,0.1762747413189446,1.9481355648971572e+16,1.7295764581515264e+16,0.1121888592784705,2.0062190898480412e+16,1.9303332948224244e+16,0.03782527811125787,472.2298169323915,8.979972745848038,1963908659930532.8,2073942254465439.8,695271931725246.9,3590883986550441.0,0.9364904251270563,0.2768437701908581
case_g038_op01,28.0,ni,128000.0,1.0921253012680894e+23,8.87179137390882e+22,0.18765810446772008,2.052856014565487e+18,1.559509242863209e+18,0.24032215031247636,2.2261830234449272e+18,1.6886662514428242e+18,0.24145219253820283,70.06425622241343,24.07517486475249,2.5852837748991827e+17,1.853115617066651e+17,7540796959090776.0,5.753912371812037e+17,0.9581250421478633,0.24777973541949552
case_g015_op03,29.0,ni,128000.0,1.846623189528202e+23,1.5778312171440696e+23,0.1455586466737736,3.3464672818510684e+18,2.7336812767060424e+18,0.1831142974169671,3.6127874094206234e+18,2.9383832663241e+18,0.1866714164630784,20.09975124224178,21.749698631505026,3.4090073808219334e+17,2.5143550273123514e+17,1.3040329240140916e+16,7.01792866687846e+17,0.9716580289524174,0.18157802389107638
case_g052_op04,30.0,ni,128000.0,5.619486368838622e+22,5.6263543411839225e+22,0.0012221708345775423,9.28662752491628e+17,9.801108394445108e+17,0.05540018355947427,9.656983784928995e+17,1.0459328480920626e+18,0.08308439921415181,46.09772228646444,10.298460159571706,6.552339975366412e+16,1.9577938140151084e+16,3644548651610550.5,7.247929146274496e+16,0.9694109656349045,0.07343936199411114
case_g034_op01,31.0,ni,128000.0,8.735711759986135e+21,7.104183741947827e+21,0.18676532180371497,1.49862599065233e+17,1.1824423008909394e+17,0.21098238768951313,1.5976765281506688e+17,1.2342980652805651e+17,0.2274418234651785,228.3703133071372,7.527450080304567,1.5452855319308448e+16,1.4156789192805796e+16,1059270215497684.6,3.669999708292513e+16,0.9767588740332283,0.2637470674985666
case_g007_op03,32.0,ni,128000.0,2.4336170996461973e+21,1.5929651535751102e+21,0.3454331193651221,3.982793933167001e+16,3.09459134627971e+16,0.22300992765172217,4.1529853065109176e+16,3.604637318478037e+16,0.13203706431929782,43.139309220245984,7.016217258128295,7241248607610544.0,7249470148633100.0,706098110122473.1,1.1543311591338914e+16,0.9407957061497934,0.2530132893961105
case_g039_op03,33.0,ni,128000.0,6.846393125245962e+21,6.296426055800997e+21,0.08032946098537197,1.1459366594229042e+17,1.1306405886647338e+17,0.013348094445179483,1.2274071716472291e+17,1.154575413190171e+17,0.05933789547548021,163.24827717314508,30.282125937204956,1.1049965008348494e+16,5640178884120977.0,913017621429650.0,7741475995083715.0,0.9386514008969516,0.12299947541386667
case_g004_op01,34.0,ni,128000.0,5.46606996588415e+22,5.103456510863523e+22,0.06633897064688839,9.917960126558372e+17,8.552220552893299e+17,0.13770367658646734,1.0769124973633281e+18,9.418535625662922e+17,0.12541310006867698,32.202484376209235,9.99916446445555,6.197922949573947e+16,3.669272944944619e+16,3339777548999632.5,1.4490750814261898e+17,0.9791036779688803,0.12641971993868986
case_g055_op06,35.0,ni,128000.0,9.474199478203939e+22,8.474455114385182e+22,0.10552283241647371,1.7949901432274545e+18,1.5312255294453578e+18,0.14694488143976028,1.964540497341008e+18,1.6381257275009085e+18,0.16615324055772812,18.788294228055936,8.35235432533656,1.0823343148468011e+17,1.0000682773421208e+17,6132802005157580.0,2.841479647935396e+17,0.9890084303513931,0.13593801188877547
case_g040_op04,36.0,ni,128000.0,3.0586072866704813e+22,2.8320186019830393e+22,0.07408230722359276,5.7377821709157e+17,5.2315538920675725e+17,0.08822716927354839,6.13213580478057e+17,5.461232669572045e+17,0.10940774251696994,32.69556544854363,18.27081633718093,4.206526870518598e+16,2.12269248186077e+16,2231268621657770.5,7.872571257028434e+16,0.9801026661957555,0.11582855590352199
case_g019_op06,37.0,ni,128000.0,2.7600563193897476e+21,2.1604916500386816e+21,0.21722914316604622,5.04561513709699e+16,4.68405368762925e+16,0.07165854700439286,5.217531133083779e+16,4.996749108032045e+16,0.04231542072682238,39.01281840626232,2.912996828948661,5704638334210167.0,5624984734938435.0,732070350606546.5,7008420811615143.0,0.9424994358446707,0.13582666558186984
case_g045_op03,38.0,ni,128000.0,7.630308428443938e+21,5.180075266495731e+21,0.32111849539585213,1.54185472481742e+17,1.0576277423605675e+17,0.31405486824589957,1.6012604137891955e+17,1.1094063184569434e+17,0.30716683626015395,52.20153254455275,5.684349122471716,2.3997128856604748e+16,2.0247485121304828e+16,1025918428910346.4,5.204653669608323e+16,0.9821515624907826,0.2938784824486103
case_g028_op02,39.0,ni,128000.0,9.090181262167793e+22,7.275232469567014e+22,0.19966035222579895,1.7661344569888865e+18,1.3458279953296522e+18,0.2379810098806532,1.8892099691736148e+18,1.4532885361216768e+18,0.2307427126496799,59.135437767890075,30.45710359886537,2.475943690344125e+17,1.653256512481417e+17,6454870755578119.0,5.0516141203587834e+17,0.9463835194725075,0.2449869697890618
case_g035_op06,40.0,ni,128000.0,1.8380974991006377e+22,1.676805285708042e+22,0.08774954183415974,3.347690217095036e+17,3.3092259331010726e+17,0.011489797890361841,3.5864428276948666e+17,3.4667986555926214e+17,0.03336012250867098,12.206555615733702,3.9991546845732104,1.744544684963376e+16,1.4374622478397132e+16,1803276311517754.8,1.4289168812313796e+16,0.9891083514343851,0.047892110638960435
case_g049_op01,41.0,ni,128000.0,4.4044738435788707e+21,2.805852572858054e+21,0.36295397077936814,8.45818939077296e+16,6.023540793388564e+16,0.28784512676440593,8.75468854963208e+16,6.576909971852624e+16,0.24875568850144625,74.67261881037788,6.541708987159964,1.5371568498359542e+16,1.3717552695607116e+16,820620123666603.2,2.8192397413970704e+16,0.9412517471796865,0.30427340522040053
case_g018_op01,42.0,ni,128000.0,9.955083100709862e+22,8.252416777720142e+22,0.1710348678925954,1.7636159843737792e+18,1.3345668178538132e+18,0.24327811174398703,1.8901223906515876e+18,1.431284413985519e+18,0.24275569610489187,33.37663853655727,24.72696709279555,2.1698502373651526e+17,1.5359241295366778e+17,6630193019555272.0,4.769756939287594e+17,0.9619738978043291,0.229577524681825
case_g060_op05,43.0,ni,128000.0,1.609742280188821e+21,1.515769270246304e+21,0.05837767392895584,2.8580780629085388e+16,3.4079861011749268e+16,0.19240483505435504,2.9515427961519468e+16,4.022057459035144e+16,0.3626966426774747,49.73932046178355,10.109385779961748,2385429945009663.5,1621026883959103.5,718547696612244.8,7330134782904507.0,0.9207643294443325,0.23235249636083855
case_g002_op01,44.0,ni,128000.0,2.208816298652066e+23,2.0589727634325443e+23,0.06783883988494828,3.6768811912605435e+18,3.244352091054512e+18,0.11763477733087906,3.9056459928524815e+18,3.472578338107267e+18,0.11088246490791764,15.297058540778355,1.8044364771818022,1.742172310011649e+17,1.6562172829708438e+17,1.8425024738093536e+16,4.4023009651407034e+17,0.9931981484969086,0.09951344101050559
case_g050_op01,45.0,ni,128000.0,8.384684311229618e+22,7.089187877624363e+22,0.154507478817085,1.5097934227359923e+18,1.194928827382366e+18,0.20854813023561877,1.6320320842513147e+18,1.2702379343144707e+18,0.22168323369868984,50.28916384272063,11.291073056409413,1.3914037357888306e+17,1.1648160877320778e+17,5185687541628958.0,3.346092349534497e+17,0.9858531535311778,0.19849900347018315
case_g057_op03,46.0,ni,128000.0,4.888757317708818e+22,4.7639707502124405e+22,0.025525212111543436,8.489408511615172e+17,8.01680213011333e+17,0.055670118931751715,9.130235203748572e+17,8.809544206944044e+17,0.03512406741426152,21.18962010041709,3.2480934881057397,2.607791239974281e+16,2.1992244490919456e+16,3106224042409572.0,7.973761740418986e+16,0.9907250624887206,0.0683817415004059
case_g013_op06,47.0,ni,128000.0,3.1689731863204803e+21,1.8847458144809166e+21,0.40525031179916365,5.187042611948421e+16,4.0967618137843304e+16,0.2101931446741182,5.493039584176505e+16,4.491397466368769e+16,0.18234751497023816,229.59311836376978,29.625476989075366,1.2168438038130654e+16,1.0935105272945716e+16,710888921883807.0,2.3625990720894268e+16,0.8437690192791001,0.43248298076182956
case_g001_op05,48.0,ni,128000.0,8.986417970348682e+21,7.478410305248394e+21,0.1678096511954001,1.654511098516209e+17,1.3737428414942413e+17,0.16969862412755343,1.7615387955965197e+17,1.530883672382426e+17,0.13093956476614851,21.095023109728988,2.467377678964199,1.4152934937010634e+16,1.2905793418082782e+16,872189246660769.9,2.954184164239065e+16,0.9871015983816598,0.1474152621102661
case_g044_op06,49.0,ni,128000.0,8.50037546728348e+22,7.670742532990917e+22,0.0975995633940737,1.46245588749134e+18,1.2325548230954714e+18,0.1572020505796145,1.5675650745637325e+18,1.3224936675335365e+18,0.15633890484476476,6.4031242374328485,8.949959937152114,9.427347205509614e+16,8.027429889643494e+16,5248079697023497.0,2.3867615122969168e+17,0.9905255129576024,0.13299606488133361
case_g051_op01,50.0,ni,128000.0,2.307308978932284e+23,1.6818256167405638e+23,0.27108782044490853,4.1913291441600195e+18,2.7087286024840146e+18,0.35373040166549163,4.5402780763322895e+18,2.987968239070054e+18,0.3418975250335805,16.278820596099706,13.138480179114923,6.347181783163355e+17,5.639009509592262e+17,1.8241939525892692e+16,1.504673496549698e+18,0.9775268740922702,0.30578351363177725
case_g014_op02,51.0,ni,128000.0,2.8970880778727823e+22,2.3194097201949255e+22,0.19939965308269925,5.437341237101199e+17,4.4159079056985286e+17,0.18785529303053733,5.873974556515681e+17,4.711668699549925e+17,0.19787383240815595,53.46026561849464,15.507676509714456,6.254921258240642e+16,4.884064234532223e+16,2371727259571916.5,1.2418972595216667e+17,0.9782868613418071,0.2038415213098761
case_g048_op06,52.0,ni,128000.0,1.9739552319751733e+21,1.1298668819960298e+21,0.42761271193295214,3.799400826787594e+16,1.8949388408507588e+16,0.5012532430138633,3.981973199276474e+16,2.266143080308539e+16,0.43089946443630045,573.3550383488401,16.968159901842526,8355528404658130.0,7438898642271009.0,650595621099074.1,1.9284996494127692e+16,0.9491941062319961,0.5801619240677235
case_g058_op05,53.0,ni,128000.0,8.479915164052843e+21,6.336221131324841e+21,0.2527966366710037,1.490745799405994e+17,1.1088291212380077e+17,0.2561916849406288,1.598662075398226e+17,1.1722071249596182e+17,0.26675740733536696,55.17245689653489,7.732645554922354,1.9159130822207444e+16,1.7651236805309278e+16,973503808938786.9,4.046849593975554e+16,0.978729424734585,0.24638146419050297
case_g037_op02,54.0,ni,128000.0,8.287834599364753e+21,5.205867365208571e+21,0.3718664021591851,1.7670109636067328e+17,1.0447729481933126e+17,0.4087343147770995,1.8477055908480288e+17,1.096224599110058e+17,0.40671035226616853,98.6154146165801,18.593260585131734,3.286170711990941e+16,2.555327609845871e+16,1108658252294518.6,7.692363932764245e+16,0.9662701116202362,0.3868139168599138
case_g043_op05,55.0,ni,128000.0,9.453844524993259e+22,8.607113125548472e+22,0.08956476883095245,1.6161554978106767e+18,1.382542035482837e+18,0.14454887703831962,1.7318545335443364e+18,1.486912805664299e+18,0.1414331995763816,5.0,3.8328260658147864,8.842109587215464e+16,8.49741046614543e+16,6095452479807368.0,2.416180780773431e+17,0.992205357940273,0.12102550325312622
case_g053_op04,56.0,ni,128000.0,2.008613906358696e+23,1.7289151488154574e+23,0.13924963710436952,3.466309142708014e+18,2.884029967284935e+18,0.1679824711099426,3.7037402179842657e+18,3.0549596353709107e+18,0.17516903033940356,49.03060268852505,19.85291045869125,3.3069529042484755e+17,2.6896509801743344e+17,1.4761263284289612e+16,6.409794812041167e+17,0.9796662152581014,0.17171808585277656
case_g047_op03,57.0,ni,128000.0,4.84727779984201e+21,3.380043397627814e+21,0.30269245188753535,7.876020532443872e+16,6.595830131720192e+16,0.16254279625734372,8.373720294732331e+16,7.171902593210253e+16,0.1435225514133912,56.639209034025185,25.78997486296991,1.2827031891948022e+16,1.2359512653262314e+16,966310384957116.6,1.6037713797466954e+16,0.9213342654614293,0.21776582944812795
case_g020_op02,58.0,ni,128000.0,2.8348071366510207e+23,1.9810840628480608e+23,0.3011573742584583,5.125269521541208e+18,3.0126685258954834e+18,0.4121931513584966,5.516045629755123e+18,3.2127188171674665e+18,0.4175684842349481,8.54400374531753,26.206129843361925,9.329381885516118e+17,7.722738988932018e+17,2.5438191840066052e+16,2.142514654759235e+18,0.958271818170635,0.35332561509246235
case_g027_op03,59.0,ni,128000.0,1.8775058910064715e+21,7.88652947913813e+20,0.5799464855521486,4.1997805986984744e+16,1.438507506975375e+16,0.6574803199431005,4.580829843796525e+16,1.7314899272851778e+16,0.6220139174935727,615.1430727887619,38.22022703785007,1.1711953908311184e+16,9444866143755930.0,920358369111906.1,2.7482453214660904e+16,0.8957781007511859,0.7384534045887025
case_g041_op04,60.0,ni,128000.0,1.1093288685563824e+23,8.228515415772204e+22,0.2582438220975601,2.1357624554749425e+18,1.3809738570237215e+18,0.35340475084967915,2.3018611787061156e+18,1.473009523737147e+18,0.3600789059898344,84.71717653463199,30.797167758182884,3.514668826403482e+17,2.540643800183299e+17,8865738526664011.0,7.951593687271433e+17,0.9523413930953859,0.3274589171614887
case_g031_op03,61.0,ni,128000.0,2.2163730442833958e+23,1.4702855187509324e+23,0.3366254284028664,4.2984282837263304e+18,2.575583970344933e+18,0.4008079697186095,4.619118497128828e+18,2.69748546112204e+18,0.416017263294121,116.2497311824849,46.161135235071704,9.111013115123878e+17,6.685486430063635e+17,2.048597522634956e+16,1.9789472140571924e+18,0.8937328960972966,0.41622547080975325
case_g054_op02,62.0,ni,128000.0,1.4858717153893647e+22,1.0621202862718136e+22,0.28518708898534306,2.7857131253058746e+17,2.0861895254736886e+17,0.2511111404392645,3.0010860333262957e+17,2.4467313058966922e+17,0.18471803916103555,51.03920062069938,12.917500889019285,4.318955940013792e+16,3.574816387740803e+16,1445576845408935.5,9.525405875277955e+16,0.9636589872605102,0.2729914531566868
case_g059_op06,63.0,ni,128000.0,1.055662159253602e+22,8.408749510388507e+21,0.20346207006852934,1.7903024080441834e+17,1.3656191814367968e+17,0.23721312371541295,1.9259215185893654e+17,1.4274201521947149e+17,0.2588378402666045,42.44997055358225,22.990188860399087,2.156311960066381e+16,1.768742206771563e+16,1037282213023895.2,4.5096369901137864e+16,0.9534553491671999,0.23806394746881412
case_g016_op02,64.0,ni,128000.0,2.9907198827190502e+22,2.415402719722553e+22,0.19236745183686024,5.889086189352255e+17,4.711575344140779e+17,0.19994797280102147,6.250457171623306e+17,4.851889932836274e+17,0.22375439114061002,40.11234224026316,29.83045050295227,8.47118001378822e+16,5.0540278433554216e+16,2559785914101504.5,1.8778874899394826e+17,0.9290691446066589,0.25621055415813826
case_g042_op06,65.0,ni,128000.0,3.113627088378714e+23,2.5059249272246257e+23,0.19517499813072436,5.48107934579766e+18,3.9288954273558134e+18,0.2831894633366154,5.868731109257878e+18,4.188757103338408e+18,0.28625847302312485,32.55764119219941,15.253479757066092,6.65545531538179e+17,5.7407304883947866e+17,2.8583969988560932e+16,1.5670691451389824e+18,0.9852597084998728,0.24474817805928803
case_g003_op04,66.0,ni,128000.0,3.0786331276318224e+22,2.7201302075932592e+22,0.11644873071132526,5.664956035429826e+17,5.020613926308544e+17,0.11374176694248479,6.072609090502341e+17,5.2740545966342406e+17,0.13150105366028791,39.21734310225516,17.599498248004846,4.884049397967245e+16,3.123535799895505e+16,2329815344816105.0,9.103671986043043e+16,0.9788318586274156,0.14082090233394265
case_g030_op03,67.0,ni,128000.0,3.0571874221279727e+21,1.8584409110994462e+21,0.3921076288460366,4.9805531900857544e+16,3.8684238503372376e+16,0.22329434046850694,5.219411336621981e+16,4.191407379566297e+16,0.19695783504218148,208.31946620515328,16.831711897186675,1.0919653891713008e+16,1.0276305873987338e+16,796720281057789.1,1.8263244955821828e+16,0.8874722457339415,0.36847366671601733
case_g011_op02,68.0,ni,128000.0,1.6810859640437665e+23,1.2671922385975488e+23,0.24620616333659548,3.3246094579833236e+18,2.0431880363102436e+18,0.38543517302341374,3.6325202016678067e+18,2.2166105721342945e+18,0.38978713150264727,83.2946576918352,37.89211024682003,5.82559702017468e+17,3.7624990595894957e+17,1.5304703410162068e+16,1.4093056944070646e+18,0.9147277375062332,0.36853060428875595
case_g036_op02,69.0,ni,128000.0,3.1571866995453964e+23,2.4160869761592454e+23,0.23473420925435357,5.667403520825463e+18,3.8312382339418685e+18,0.32398703923876504,6.100115739195547e+18,4.102619413534076e+18,0.3274522010831373,26.248809496813376,16.504898329048686,7.943143013114834e+17,6.827110866297107e+17,2.8806299011806184e+16,1.8610656879212677e+18,0.9833104523003806,0.2791900020343239
case_g005_op02,70.0,ni,128000.0,6.677372275762575e+21,4.5676815120517043e+21,0.31594625499144247,1.178678934582067e+17,8.892279115449629e+16,0.24557240699286526,1.2574382839195238e+17,9.574773487780757e+16,0.2385492305884379,90.33825324855468,3.7265950231246308,1.933945389567655e+16,1.7603480033122034e+16,995363451101055.8,3.723218346339623e+16,0.952964965026779,0.2863843242711865
case_g022_op05,71.0,ni,128000.0,2.884718603744672e+21,1.4028058012354043e+21,0.5137113895912021,4.815065179593114e+16,2.8678046605954244e+16,0.4044100020183399,5.048191271366033e+16,3.2980472842808184e+16,0.34668733671250695,142.414886862294,14.09832877713002,1.343526631603001e+16,1.2726310068248026e+16,757768584988117.2,2.635124186350946e+16,0.8767761531443263,0.48839726952298895
