bc_phi_mae,boundary_gamma_uniformity,boundary_operator_proxy_loss,part.coil_01.scale_x,part.coil_01.scale_y,part.coil_01.tx,part.coil_01.ty,part.coil_02.scale_x,part.coil_02.scale_y,part.coil_02.tx,part.coil_02.ty,part.coil_03.scale_x,part.coil_03.scale_y,part.coil_03.tx,part.coil_03.ty,part.coil_04.scale_x,part.coil_04.scale_y,part.coil_04.tx,part.coil_04.ty,part.coil_05.scale_x,part.coil_05.scale_y,part.coil_05.tx,part.coil_05.ty,part.coil_06.scale_x,part.coil_06.scale_y,part.coil_06.tx,part.coil_06.ty,poisson_residual_norm,pp,pp0,trial,value,warnings
0.0,0.648641398665368,10.251907348632812,1.0115489094731385,0.9736159883328543,-0.011402321457529263,-0.004567038496432061,0.9856328998187217,1.0222686216997963,0.009455434820531461,-0.019388413736131538,0.9508081827585279,1.0208291709127861,-0.016650532212514273,0.019910547236919058,1.0664692249001408,0.907355471533465,0.002701592525937782,0.004373605481804141,0.9013853159028536,0.9358167747826469,-0.013403111458944173,-0.0015216836186454329,1.0134007232454585,0.9903818447674304,0.016791027204330514,0.012596968274766304,0.13494402170181274,2823.804,0.08349,0,0.7828235119682979,ood:cond:pp:2823.8 outside [505.725,2097.14]
0.0,0.6470507118862425,10.314408302307129,0.971665107703072,1.0724070072474734,-0.0060473778166830125,0.01964262488165591,1.0131537679015123,0.9473691706456661,0.006347892202047234,0.006409060435825332,1.0029215146427577,0.9558185943318303,0.0051967278733800575,-0.0008323670530758151,1.030657762975347,1.0084480554177653,-0.01515155420708669,0.01634952103253866,0.9034426520775114,0.962152125778742,-0.013145457542916957,-0.006278001098370841,1.0235029469249821,1.010167465221367,0.008643811164644008,-0.00042185064308816744,0.1343100517988205,2823.804,0.08349,1,0.7859957318321475,ood:cond:pp:2823.8 outside [505.725,2097.14]
0.0,0.6544695225366973,10.144018173217773,1.0096090045017423,1.0008878581591598,-0.01911777315887991,-0.01088084260658829,0.9167314471954892,0.9497639581724309,-0.019736487912593734,-0.008271668286425076,0.9747774505924807,1.0293647149579472,0.013748823880858383,-0.0033803959577037544,1.0263336965094927,1.003953069413438,-0.010770916286953463,-0.012042997902632791,0.9904574484936357,1.0588726890634752,0.0037310952591596627,0.007972882301713068,1.0460448500791009,1.0242530582567804,-0.010228443539489832,-0.002331858740425973,0.13620220124721527,2823.804,0.08349,2,0.7919872909090998,ood:cond:pp:2823.8 outside [505.725,2097.14]
0.0,0.6477553676185922,10.230965614318848,0.9591009118173264,0.971853657977849,-0.019586385318879143,0.0024866961169178227,1.0097805170652132,0.9178967174745885,-0.010030740196090652,0.016171432370770632,0.9876527171357845,0.9520908055452909,0.014507398461242712,-0.0017731374125991503,1.0250697065625662,1.0807701874953755,0.0017991020021358023,-0.013699519052569945,1.042785562529844,1.087101529634108,-0.003266964715199626,0.006469714724503601,1.0748538631253672,0.9312256665119234,0.011298415562115225,-0.0010462657398741006,0.1340867131948471,2823.804,0.08349,3,0.7829543515824846,ood:cond:pp:2823.8 outside [505.725,2097.14]
0.0,0.6496057317194343,10.214436531066895,1.0626307979379517,0.926786623428535,-0.0034093649748936986,0.007031159861382745,1.0623442047331542,0.9321441428464767,0.008050210477673937,0.0007567684893529866,0.9155516103553046,1.0038914228151519,-0.0020479160078979465,-0.0022458778484868575,0.9535098017868281,0.9730422387589502,0.010475051372675775,-0.006308592488744656,1.0717680649843553,1.0404125426140676,0.010095279787298916,-0.003893930432424985,0.9345448050960399,0.9019344071704739,-0.003718263525807869,-0.0013727442087410162,0.13486626744270325,2823.804,0.08349,4,0.7808842730870128,ood:cond:pp:2823.8 outside [505.725,2097.14]
0.0,0.6427278816544791,10.303328514099121,0.9086852444852417,1.0755244188319268,-0.004365736348280098,0.014704251501850122,1.0665876881414804,1.0149297609278338,0.014569356928959939,0.018073641110445345,1.0274183221635589,0.9005606850532248,0.005638907829414425,-0.00026655181162583627,1.0581434169882482,0.9718259298535363,0.007737881323350945,-0.005395834421030799,1.0168009902261383,0.9903367876084395,-0.011570050330871386,-0.007187565045000333,0.9127593534086419,1.024734896012555,0.01569024862931898,0.003818916483766078,0.13324420154094696,2823.804,0.08349,5,0.7780831019033189,ood:cond:pp:2823.8 outside [505.725,2097.14]
0.0,0.6506476746986877,10.267154693603516,0.9519753040103364,0.976704583019986,-0.01989915773906563,0.018360702035668617,1.0045843364487506,1.0143023577345616,-0.016211578304333073,-0.01472910476908565,1.0764391559034272,1.069180974289171,0.0069458739350632785,0.007797346139714282,1.08630276017925,1.035266733947211,0.004060366457758965,-0.01406226262087652,0.9458934442433747,0.9438217613192246,-0.018254602584109884,-0.0034491758277394313,0.9091921918146688,1.081668268557077,0.004918777300802483,-0.006658398512228159,0.13653481006622314,2823.804,0.08349,6,0.7791728811811066,ood:cond:pp:2823.8 outside [505.725,2097.14]
0.0,0.6476084045392053,10.293724060058594,1.0796685886098378,1.0989670416204231,-0.016637428076369913,-0.0021890257936147614,1.0946322662517793,1.0174274697482322,0.012028502276882496,-0.004595870658946536,1.0749698485576218,1.0929603806526627,-0.009260995729946875,-0.00664563664246931,0.983707152757464,1.0925360187829145,-0.0173159152277171,0.004274092394739307,1.0150591663273116,1.0533541610413155,-0.016839282808172054,-0.013639615230710365,1.0582569163995754,1.089059619375419,0.001574045605097038,0.0006012268997526195,0.13517926633358002,2823.804,0.08349,7,0.7851905326551324,ood:cond:pp:2823.8 outside [505.725,2097.14]
0.0,0.6488064439232122,10.261343002319336,1.0654598592931714,0.9049495280283948,0.005164506900434591,0.013682268329057588,0.9256319661611783,0.9721113616319942,-0.00906131193413319,0.011061572749547426,0.9357890385605984,0.9798635394735049,0.0033344686985810647,-0.01844147006568515,0.975082527828958,0.9352093766717339,-0.00927915321634322,-0.013197562086144199,0.9780120266844795,0.9079374665007205,-0.010203779752745197,-0.011374417058146182,1.0356675046750394,1.0376460401427472,-0.0036105459867030038,-0.015723528254553587,0.1345473974943161,2823.804,0.08349,8,0.7876768025347269,ood:cond:pp:2823.8 outside [505.725,2097.14]
0.0,0.6494581203553138,10.126320838928223,1.00346283896778,0.9759171405573077,-0.00921270663882729,-0.019255750304472855,0.9259946005408192,0.9280582462517933,-0.00765765764207715,-0.009134363905982816,0.9862477781369803,1.072937943581718,0.016778813323117734,-0.004381935741432601,1.01307462631965,1.0874197741587779,0.00696859729940583,-0.018092936586730123,0.9848500445222199,1.054543278739699,-0.004207392325592512,0.017508511843142147,0.9444607334215566,1.0552197916287438,0.006754854963891242,0.006740394346695787,0.13507333397865295,2823.804,0.08349,9,0.786668615968333,ood:cond:pp:2823.8 outside [505.725,2097.14]
0.0,0.6537782099578889,10.281000137329102,0.9858266178469085,1.03823599594848,-0.005204236875183725,0.018327318417326686,1.0186329595399155,0.9877132339799579,0.005339304138493876,-0.014814937559639248,1.0404614201211977,0.9297266411818947,0.012792306303567032,-0.017900867573211653,1.0341975825383447,1.0513417214182676,-0.011976939420439897,-0.015220188809898283,1.0515396528399177,0.9579355768674102,0.00011815335791098835,-0.00665899693677836,0.9327192002543088,1.0901924106846406,-0.007527757921207101,-0.0009870735441022613,0.1373802125453949,2823.804,0.08349,10,0.7813549748222361,ood:cond:pp:2823.8 outside [505.725,2097.14]
0.0,0.6459679635975124,10.192230224609375,1.0621367817560845,1.0735752848326632,-0.008413733654575579,0.005060846264663951,0.9022224350610268,0.9555954815390394,0.0008272510906387129,-0.0066840690154544545,1.0973431060344176,1.0316269692013598,0.016893052500592542,-0.011169359963360454,1.0268169803688694,0.9757042248948979,0.006889300304798677,0.009768084153935118,1.0438438958338188,0.9550082326409303,0.015056053575334401,-0.004905859424381905,1.0165987413431492,1.0885439853540166,0.011543990327703996,-0.013005876694569828,0.13484163582324982,2823.804,0.08349,11,0.780234128937629,ood:cond:pp:2823.8 outside [505.725,2097.14]
0.0,0.6515026045656732,10.232709884643555,0.9635168859427994,0.9747457309237577,-0.0031461434626587,0.01553117452280699,1.0202606638129115,0.9650223884222605,-0.009595148217338872,0.01579822630110936,0.9074576980272178,0.9241587443230771,0.017452144228086778,0.007917311717555674,1.0380689779520391,1.0138326793884251,-0.016601145326896126,-0.005368140514838755,0.9714310958833684,0.9814014768110956,-0.0025737740602337564,0.008353482972314325,0.9000119536797531,1.017546080668519,0.009085391098627299,0.009578987448659069,0.13446035981178284,2823.804,0.08349,12,0.7914715412884102,ood:cond:pp:2823.8 outside [505.725,2097.14]
0.0,0.6506174336626497,10.22565746307373,0.92503412914113,0.9718165422110674,-0.008456440647103687,-0.007582300978999368,0.9550833480357201,0.9467652510274059,0.0034028591088589716,-0.006308117981345602,0.9784521365816515,0.9754492611842382,0.010858628558436133,0.0026283591216961118,1.0267267270544405,1.024954522688313,-0.009374348788453309,0.0030029084400499707,1.0615135035943255,0.9816098264529972,-0.006444879328169053,-0.0020689186867295165,0.9532471184914448,1.0521474484670588,0.007436853966604252,0.01730470238656773,0.1348806768655777,2823.804,0.08349,13,0.7882386377076022,ood:cond:pp:2823.8 outside [505.725,2097.14]
0.0,0.6480515271061551,10.180851936340332,1.0107207515286571,0.9085842094406372,-0.01760392589926458,0.008920665107507171,0.9282990289902313,1.0274635854606242,0.0007013149872487079,0.00964518120829071,0.9237043443900738,1.0236350153135765,0.0020237491552785973,-0.016709976966827713,1.0935716618542408,0.9261264947409267,0.01876595737002244,-0.019939329855759587,0.9367344853329794,1.0185586969754221,0.01586998313013498,0.01798484904661952,0.978825774367619,0.9219992355127233,0.006683927375639255,0.016193389066573683,0.13481897115707397,2823.804,0.08349,14,0.7779321315256207,ood:cond:pp:2823.8 outside [505.725,2097.14]
0.0,0.6522289086084859,10.091275215148926,0.9051855205845875,0.9973098838524839,0.01720356898938692,0.004762308877212188,1.0020941012050468,1.0989964391788087,-0.01045843132116286,-0.015625424629201155,0.9952246824226025,1.0803985569164136,-0.010191220406825368,0.002401262837961937,1.089460635936838,0.9226575786926418,0.017930697754918335,-0.014635402431108209,0.9134326789995761,0.9752612782391296,0.013654810951549069,0.00265938965125009,0.907500278518032,1.0158970686803142,-0.013993019732356338,-0.012459366210406273,0.13561716675758362,2823.804,0.08349,15,0.7870174317299725,ood:cond:pp:2823.8 outside [505.725,2097.14]
0.0,0.647341334511592,10.293286323547363,1.0490090728638197,0.9098161766177975,-0.011176780199280657,0.019450271955607914,1.0871059015377562,0.9958521848614061,0.014986471940221967,0.0058981486220741515,1.0854791231203582,1.0038184551563683,0.004982705253402827,0.00044463422074465103,0.9126470696617542,1.012675152035266,9.84651643187312e-05,-0.002164423613653099,0.9466358278421387,1.0022284431891364,0.014525820554467297,-0.0030750862260809503,0.911541276287291,1.029748199150811,0.015528881102317153,-0.0017545117212783255,0.13486678898334503,2823.804,0.08349,16,0.7766636680558221,ood:cond:pp:2823.8 outside [505.725,2097.14]
0.0,0.6444695298022796,10.237226486206055,0.9414294489839476,1.091080995321276,-0.0070426618912218415,0.008174434582104012,0.998026966322062,1.0717219762421748,0.01582497158137437,0.0024155133665879312,0.9309585727339629,0.9783116041444427,-0.011302018679216097,-0.002613732880823859,0.9531942408610494,0.9192947383862035,0.007330285833472422,-0.002759523184078353,1.0430667040092612,0.9105061663473566,0.011512676485401451,0.016929607764267728,0.910713953733856,1.0418849113970823,0.01433673320057802,-0.01569126827217851,0.1343563348054886,2823.804,0.08349,17,0.7782994211540188,ood:cond:pp:2823.8 outside [505.725,2097.14]
0.0,0.6517885173966617,10.241720199584961,0.9897316593413629,0.9786378490996483,-0.01823865788830577,0.019237217740414838,1.041643202135599,1.0897980043260165,-0.0030454808361251445,0.007533492772636617,0.9813763503014552,0.9242427949328551,0.018201069047943597,0.01945951981551847,0.9042589968943651,1.0596761111403334,-0.0005840747962479118,-0.012725332449789885,1.087362448612809,0.959276341693814,-0.0068836335026839675,0.01899068550295904,0.9792051189929271,1.092871670399062,-0.019974531082201027,-0.014638342253388097,0.13621941208839417,2823.804,0.08349,18,0.7819401532266473,ood:cond:pp:2823.8 outside [505.725,2097.14]
0.0,0.6522455213017685,10.099980354309082,1.0023065378958975,1.0559968660104742,0.005571505532168463,-0.0007245871012125336,0.9444743219953178,0.9107066893886803,-0.007704742415986234,-0.014330229544762419,1.026074053335208,1.056342188318372,0.011452808748865225,0.012499193549436547,0.9732212781318812,1.0929111508544762,0.0037013490217894136,0.012497804519201714,1.095569275570516,1.0445952559914944,0.010849921427638486,0.012009133246990367,1.0521896264263702,1.0857454807827285,-0.007875939483988242,0.0028251236622067154,0.1351681351661682,2823.804,0.08349,19,0.7927800644131144,ood:cond:pp:2823.8 outside [505.725,2097.14]
0.0,0.6517096259171496,10.264668464660645,0.9542649063239906,1.0728611438779108,-0.0016189391499967822,0.019601724114425883,0.9582563225035002,1.0556016435742652,-0.006054880667523927,0.004666714101130346,0.9933132782007484,0.9209279638614168,0.007095459565382066,0.018006679252146236,0.9487264244323093,0.9223376912911575,-0.01725728329088376,0.007952272817041427,1.093264759653605,0.9233185482859682,-0.012867063578781233,0.01161835236682179,0.9789275907096228,1.0824815760792943,0.0074534478234764695,0.011140231713259861,0.1345396786928177,2823.804,0.08349,20,0.7927699594517463,ood:cond:pp:2823.8 outside [505.725,2097.14]
0.0,0.6528123225525541,10.220904350280762,0.9226021372403149,0.9299636323529471,0.017132000313932406,0.0012891152177361628,0.9440679121063322,1.0992975585302704,-0.013489092288940178,-0.01554207108210837,0.9369351550190593,0.9089480336172124,-0.0028994383874405387,-0.005886810303294316,1.0685441664911437,0.9346758730340812,-0.01352748623985843,0.004936187493923782,0.9762888551766382,1.0648499927616915,-0.016220950430863242,-0.017763563731562383,1.0065679968378007,0.9708930255634269,-0.003307792045827967,-0.004860212411863003,0.13497281074523926,2823.804,0.08349,21,0.7949843068906547,ood:cond:pp:2823.8 outside [505.725,2097.14]
0.0,0.6431563829996856,10.173333168029785,1.0994344786696064,0.9425037903815411,-0.009807229319499889,-0.00721823045199883,0.9327676417491375,0.9112391180439708,0.01058779612636418,0.012582643090488153,0.9060653835736173,0.9444581819233829,0.007594031321772488,-0.007258475130877136,0.910086370415887,1.0140170469877647,0.019381284487643414,-0.013181021559311086,1.0379514251992086,1.0267946723804386,0.014467630688465485,-0.014707077398877867,1.0175438691593008,0.9402243509434819,0.004578868266198435,-0.013128067476721298,0.1336880773305893,2823.804,0.08349,22,0.776268915381707,ood:cond:pp:2823.8 outside [505.725,2097.14]
0.0,0.647775791614169,10.152292251586914,1.0660752470996264,0.9373566099887671,0.0026199727368180874,0.0042933274140136354,0.956849578102333,1.0166681609390795,0.01673750289253934,0.014596895134189058,0.9622500268497697,0.9497808618657082,0.012105505190334185,0.013721869618742225,1.0611437161278505,1.0024034203456609,-0.005233705335181336,0.0061808749562515045,0.9658253969807792,0.9625009681903424,0.017610461647290725,0.019418731238000347,0.935987032914477,1.071925705436504,-0.00338372280269153,-0.0009511967934177842,0.13429974019527435,2823.804,0.08349,23,0.7886463434856877,ood:cond:pp:2823.8 outside [505.725,2097.14]
0.0,0.6544606046805717,10.207820892333984,0.9917732889997262,1.0272436164944154,-0.001515527628800365,0.007569190700907589,1.0579139550243344,1.0056716994664863,0.0066223552174502626,-0.007159775113564342,0.9708199407441244,0.9188894190106106,-0.006494137284983558,0.005912726709289502,0.9521794393058809,1.0618497261927877,-0.018213920905306512,-0.005725884625694734,0.935554671999764,0.9977193879745967,0.0034348056975578092,0.017140991918096062,1.076276109641841,0.9691176738705725,-0.0067587805889223335,0.015489550327806193,0.1361827552318573,2823.804,0.08349,24,0.7919409059703758,ood:cond:pp:2823.8 outside [505.725,2097.14]
0.0,0.6505800324084381,10.223862648010254,0.9330059440240854,0.9818515358280038,-0.013989480176419052,-0.0023687097986673233,1.0984091742338715,1.0033973288362164,0.0098093011712144,-0.01672644556174285,0.9515717891864047,1.017300209467229,0.012508332082411481,0.01896138215879253,1.0287601506227089,1.0556194161065164,-0.012072173070167232,0.008164385263733084,1.0312177389866823,0.9923719508375742,-0.013420425497833257,0.013312713803661062,1.0183688349519926,0.9061847273855809,-0.006841142086498256,-0.006517351656666342,0.13637597858905792,2823.804,0.08349,25,0.7865266188151235,ood:cond:pp:2823.8 outside [505.725,2097.14]
0.0,0.6543648331275801,10.178993225097656,1.0568241425944507,0.9088166891658124,-0.015901431857064684,0.008350503866226978,0.9876941793314428,1.03824681678765,-0.009028424133908053,-0.016951738000543316,1.075576971934749,0.9604884753768014,0.0130240608397337,0.008402763319108827,0.9531081712936417,1.0619797824825918,0.012586896950304693,0.0009603271032806761,1.0690726641889259,0.9159208184068632,0.010561108398639087,-0.0005388235861310993,1.0268031005802156,1.0636272478129132,-0.006780031532278859,0.016854580598303786,0.1363128274679184,2823.804,0.08349,26,0.7827150342482287,ood:cond:pp:2823.8 outside [505.725,2097.14]
0.0,0.6526040814924576,10.31973934173584,1.0422285965446474,0.9722124110284475,-0.01764162965744291,0.012479676408387316,0.9464034063419713,1.051039887283958,-0.005808476686259336,-0.014395446552297103,1.0689651319134448,0.9409442638809131,0.013648690205808712,-0.015107108923915546,1.0144342436592426,1.0839243127668294,-0.011203889448470545,-0.018502938139916873,0.9669051980560148,1.0230560829563442,-0.013620545077359068,-0.0043466493301805055,1.0373561574240868,0.9224140497629791,0.011749493542767626,0.0035426488028730586,0.13700975477695465,2823.804,0.08349,27,0.7805343030600714,ood:cond:pp:2823.8 outside [505.725,2097.14]
0.0,0.6458144611925706,10.219954490661621,0.9126881017822841,1.0576864818348648,-0.00435411642057355,0.00010497065023086158,1.0168091442926437,1.0492129093112492,0.0029166062456941477,-0.004053041254952237,0.9656486990610248,1.0706556441554338,-0.015029729253795195,-0.006192158215146964,0.9627084828780641,0.921707089187669,-0.014865462176763971,0.019544212391544514,0.956091113231999,0.9212919502053557,0.007445198295955066,0.00782376743732623,1.0132954252341446,0.9157181667193056,0.01973878677266747,-0.016904093818612492,0.13421571254730225,2823.804,0.08349,28,0.789754773188427,ood:cond:pp:2823.8 outside [505.725,2097.14]
0.0,0.6449999791279675,10.184907913208008,0.9549268193519933,1.0310671427316804,-0.0001747112890664801,0.008024590858142631,1.0576680781637846,1.0214610766930998,0.005097619639127578,-0.008065963883640559,0.9140328086987537,1.0801859442460267,0.0009779882958070724,-0.014021331155550584,0.9402687968595878,0.9551269318628747,0.012884760969791988,0.008114708140856193,1.053564160284848,1.0627230007695831,0.01558527941372279,0.0038381681804537902,0.9998108638733871,0.9634028464307995,0.009904254652280727,-0.01661985691606062,0.13460662961006165,2823.804,0.08349,29,0.7803981706805713,ood:cond:pp:2823.8 outside [505.725,2097.14]
0.0,0.6489196391414188,10.09304141998291,1.018915689219996,1.0223016298296432,0.01973982277154394,-0.007688247519702443,0.941901028196567,0.9571352293493843,0.009074461139010306,-0.004837663604573663,0.9039415688626611,0.9333956141899686,-0.013141174297056378,0.014956748787810423,1.0970689593836684,0.9975905506830063,-0.0013500687059853564,0.006833955969971783,1.0656706489479597,1.032973529229576,-0.0017335009895184904,0.016774108182463898,0.9784680884855836,0.9636661214146747,-0.019456067831851328,-0.007237767155680155,0.13423335552215576,2823.804,0.08349,30,0.7954461707993605,ood:cond:pp:2823.8 outside [505.725,2097.14]
0.0,0.6497958814166924,10.289321899414062,0.9264450011740585,0.9366237726783959,0.010344770871580734,0.017550027606388043,0.9684563302824157,0.9989735057067799,0.009237406228864261,-0.011062315793258838,0.9785584987456531,1.0388070557259779,0.016255451451475614,0.011800671185130649,1.0933470725055279,0.9829176470879293,-0.012669020907341868,0.0199435834929229,0.9087207657060453,0.9685221597843949,-0.0187853090547268,-0.0011731926551928479,1.0272930534824005,1.0729343802865412,0.00078947469177253,0.005958661635676571,0.13499222695827484,2823.804,0.08349,31,0.7884744458254674,ood:cond:pp:2823.8 outside [505.725,2097.14]
0.0,0.6498920591729273,10.239830017089844,1.028061248408985,1.067169431239972,-0.01654731050874074,-0.004111574322912537,0.9187714030132162,0.9635493103325349,-0.01436114743712543,-0.006826222921126961,1.0255772091892161,1.041535293854473,-0.0005288315244655756,-0.01010754839953008,0.9633676196669805,0.9116788379803412,0.00314756270283428,-0.009180361192985273,1.0340077021158156,0.938372420554929,-0.00995197544634118,-0.019688155452041042,1.0446218411421286,1.0497189305451902,0.009191181868416352,0.00918042807141493,0.13483083248138428,2823.804,0.08349,32,0.7838341022576926,ood:cond:pp:2823.8 outside [505.725,2097.14]
0.0,0.6565717847198191,10.147092819213867,1.068810093446889,1.058107990515285,0.002577532746844028,0.015157381136834885,1.0978242791905721,1.023364419166803,-0.018866351428977062,0.005101731793679169,0.9124553283959412,0.9187818968388419,0.010624202608739336,0.006558661718609506,1.0852166044810236,0.9953057741914499,-0.010192267580187701,-0.007351562826453849,1.0405095131461413,0.9112784628725725,0.017344426588817432,0.007566887354001111,1.0310778941740089,1.0466086762973317,-0.0036243207089208425,0.01178517718425191,0.13547159731388092,2823.804,0.08349,33,0.7948953294781683,ood:cond:pp:2823.8 outside [505.725,2097.14]
0.0,0.6525114054584995,10.130572319030762,1.0502738952912996,0.9116708779923896,-0.006361456788351205,-0.0006580961286386661,0.9999750688316958,0.9877159578789612,-0.012805078310644298,-0.014438832287078256,1.0404322944745894,1.010462331715627,0.010854597934604523,-0.01074183185137954,0.9437477737101394,1.0404612663700978,0.012727048471902928,-0.018389185844060473,1.0914824875615263,1.0400957700390352,0.012437001972874857,0.008733388233921599,1.0115745483122072,0.9067505804836743,-0.00798244274557499,-0.00837438363250409,0.1363096535205841,2823.804,0.08349,34,0.7834295445214676,ood:cond:pp:2823.8 outside [505.725,2097.14]
0.0,0.6493098049433532,10.221817970275879,0.9749682997256804,0.9134507060673748,-0.006753399446706259,-0.013143351248982832,0.9453451812948915,1.0604944381570218,0.0001282067647512576,0.006531828939783612,0.9322535059000785,0.9396632794313293,0.004752017687774085,0.009623013841517102,1.062308900740838,1.028387476501392,0.004729525975352901,-0.019774464934257982,1.0250513661828282,1.0313847094773185,-0.002872519887121231,-0.01645459324319866,1.0611426628681901,0.9048535170190976,0.019064181147084806,0.014945521270645325,0.1339605748653412,2823.804,0.08349,35,0.7831927725652934,ood:cond:pp:2823.8 outside [505.725,2097.14]
0.0,0.6495311962935877,10.172541618347168,0.9208224806965405,0.9941450985706242,0.015170766877260353,-0.007866408479785956,1.0289006129363563,1.0021283484377892,0.009190332394474136,-0.004537639212502111,1.0369676892772552,0.9509117889104254,0.00799909332920756,0.012300132955541995,0.9878844579507811,0.9239352873505682,-0.000128982087626784,0.0020325568775330927,0.9585380106974034,0.9222388044600789,-0.011894174123563963,-0.0012808966695713637,1.039018225261997,1.06039686452037,-0.009040555323314478,0.002853173808867626,0.13435229659080505,2823.804,0.08349,36,0.7905099469012974,ood:cond:pp:2823.8 outside [505.725,2097.14]
0.0,0.6472921479738877,10.09882926940918,0.9144897158220403,0.9097915658668284,0.017662443944540532,-0.01298542306110776,0.9830227581329916,1.0109439684629873,-0.003771326829841524,-0.009736920324002356,1.0836758892637481,1.0903099934779532,0.0010050571986464224,0.018115428310290203,0.9651284099008668,0.9479731760893774,0.001583392930572098,0.019983245819171904,0.9372669879874065,1.0213681487666781,0.003913753923690991,0.010873879333555964,0.9959358462049968,1.0435290977272982,0.013192457685145185,-0.005142765854196738,0.13338661193847656,2823.804,0.08349,37,0.796180794433351,ood:cond:pp:2823.8 outside [505.725,2097.14]
0.0,0.6512495407715249,10.26278305053711,0.997756767701435,0.9475159576639641,-0.004660362336887261,0.005808081885225445,1.0006111217855556,0.9479397740600083,0.004136317031207679,0.007212403278010027,0.9919773479120081,0.9569418214627798,-0.0011050596879223287,-0.010563307060882838,0.9877315937730368,1.0908753466076537,-0.010444011050220392,0.007746977439740763,0.9382366962184938,1.0862373345156746,-0.011078879719864893,-0.015977329457602607,1.072370472289022,1.080097211964934,-0.014501197137587497,0.01736621505998442,0.13448169827461243,2823.804,0.08349,38,0.7899717526513123,ood:cond:pp:2823.8 outside [505.725,2097.14]
0.0,0.6552257169690507,10.18508529663086,1.0758538514526408,0.9100734387976573,0.012950073074663473,0.0187041611376397,0.9692330493369694,1.0703429362485863,-0.002578617632057946,0.012841903025203823,1.0232906682824325,0.9530466813022074,0.010807004312946168,0.008603483761597162,0.9137108116827073,1.0688312559013424,0.005124871204501197,-0.013790237677096539,0.9761705644860855,1.0020993671243739,0.01675708123886203,-0.003348050231070543,1.000065454669242,1.0175818341483671,-0.00949091042299408,0.019673666898448485,0.13466593623161316,2823.804,0.08349,39,0.787713167946023,ood:cond:pp:2823.8 outside [505.725,2097.14]
0.0,0.6501152650465207,10.185271263122559,1.0367614430287362,1.076706331091677,0.011594891623345874,-0.00781120697153182,0.9409663712477879,1.0095064352462209,-0.0004315102474939832,0.009178232762888955,0.9590939562033723,0.9423351538132342,0.012952990118785358,-0.013488971878769287,1.068997935329755,1.0917242633402422,-0.010413618104184863,-0.017862858872181895,1.0083654208470643,0.9210038999167827,-0.014917744380759932,-0.0055101712644468875,1.049258743230658,0.9414220351184137,-0.01284117593111894,0.0010144571667899602,0.13441456854343414,2823.804,0.08349,40,0.7931827853375308,ood:cond:pp:2823.8 outside [505.725,2097.14]
0.0,0.6520910900120443,10.190113067626953,1.0967637092226354,0.9740475710848994,0.019087041686699554,0.013922646197859361,1.0772531035585504,1.0887846298304837,0.010617527397222243,0.00604100867737908,0.9737859754275046,1.0945749276083094,0.012187739137431226,0.01825794639801775,1.0469267047250452,0.9901167009389711,0.003900828171201423,-0.016439499831442897,1.0398889121335564,0.9593853563757124,0.007573064746091384,-0.012383387226592827,1.042013357181516,1.059082413225275,-0.01148714708207959,0.0030547078433915582,0.13508453965187073,2823.804,0.08349,41,0.7840403972420554,ood:cond:pp:2823.8 outside [505.725,2097.14]
0.0,0.6543984273176753,10.117534637451172,1.0423125933070585,0.9048172624508929,-0.010454790236495502,0.000762958702107866,0.9415385972681412,1.035250323207307,-0.017750082964355554,-0.0104592981441544,0.9792086884293137,0.952271949553736,0.009138233878860924,0.006870808067513563,1.009397966940839,0.9575794868633318,0.014454668244431427,0.01778809257360366,1.0190900359427117,1.0090661954347557,0.017258672032275355,-0.0018543189627494988,1.0984485312252614,0.9856298655246156,-0.01583743480568284,0.01043711220578539,0.1350184828042984,2823.804,0.08349,42,0.7908729354854269,ood:cond:pp:2823.8 outside [505.725,2097.14]
0.0,0.6426992215349479,10.206803321838379,1.0108766107191836,1.0964538217627349,-0.012691991035415483,-0.005200875305034373,0.9562470922496726,0.9524341643986776,0.019300894966993356,-0.0011998492775494377,0.9220778938065,1.0783361850591162,-0.00829045120196509,-0.01383222863442748,1.0243616326350982,1.0433876386738181,0.018251401794598682,-0.009456419480034546,1.081350725215779,1.0475844475150358,0.019024215243893968,-0.004615431311877884,1.035791946473342,1.0982860291596106,0.007634598821235704,-0.017335361720677123,0.1344437152147293,2823.804,0.08349,43,0.7731140495871045,ood:cond:pp:2823.8 outside [505.725,2097.14]
0.0,0.649119284237951,10.186989784240723,1.0276962485390884,0.9368380702687886,-0.005628389420252353,-0.015251334762795162,1.0677987503022521,1.0098705864400512,0.014161979543902897,-0.013232648871359687,1.0162885687121763,1.0045325789248727,-0.0021798249879407053,0.017642562484621583,0.9578929398583914,0.9142273177955517,0.001562405090022513,-0.018347467024943886,0.9681026303178526,1.0372158190629472,-0.0012394860559890482,0.0007714552872706455,1.0470655400130622,0.9011906940829115,-0.0010691196325064573,-0.012674749273193547,0.1357933133840561,2823.804,0.08349,44,0.7813212251439305,ood:cond:pp:2823.8 outside [505.725,2097.14]
0.0,0.6492314417068678,10.223138809204102,1.0162883467155817,0.936782705428828,0.0041229131456284145,-0.008514267950721174,0.9992225568269065,1.0315969898902406,0.008146156190426496,0.019753328712543882,1.0019540840278875,0.9105163107816157,-0.00197845871071178,0.019180063792362183,1.0981345146491601,1.0637861017094614,-0.014674405090269828,-0.010504314552103057,1.0563992200143923,1.064303042535947,-0.017364982312150935,0.002363668076232041,0.9903604552168922,1.0391337299993753,-0.007592098109170702,-0.004450750463134211,0.13372169435024261,2823.804,0.08349,45,0.7930162014707044,ood:cond:pp:2823.8 outside [505.725,2097.14]
0.0,0.6496290711843798,10.219584465026855,0.9577163985040332,1.0759416765065672,-0.006582264911140747,0.002635605526967927,1.0099931247803176,0.9636367561358176,-0.014027017131536805,0.00739175889773732,1.0091330335410644,1.0804946330299812,-0.009636100707991032,-0.015636245430751906,0.931196091747844,0.9237890788253446,0.003089116445630164,0.0012193048278737115,1.028922640336054,1.094502851856895,-0.0018424106454657321,-0.011157410773385558,0.9392186027556622,0.9356462668434278,-0.0021066068894484737,-0.0033318314696854923,0.13387930393218994,2823.804,0.08349,46,0.7886436621307027,ood:cond:pp:2823.8 outside [505.725,2097.14]
0.0,0.6443931647478424,10.147650718688965,0.9589220338290294,0.9959804708353587,0.004195422965260903,-0.01864080412496827,0.9378966959938777,0.9504178508029458,-0.0029827206946373523,0.00034646563050061766,0.938185881174556,0.9476729941899859,-0.011019306696554314,0.011378107915127247,1.0692932483114952,1.0504090402536714,0.017720678249323624,-0.0021234855927987246,0.9013208309422287,1.0385232332728005,-0.01922494969221058,0.006966140468465772,1.0977880991287838,0.9025462949125704,0.007444147404640632,-0.002503373379641887,0.13289368152618408,2823.804,0.08349,47,0.7891055484750155,ood:cond:pp:2823.8 outside [505.725,2097.14]
0.0,0.6518688342434598,10.242626190185547,0.9769095026124394,1.0350225997399025,-0.010503135441845562,0.01082322813492017,0.9646686926373335,1.0999703734696127,0.0032589302420324637,0.019003240611160193,1.0838275848132668,1.0675784093439822,0.0010515820305814494,0.003314078534924856,1.0410475775500891,1.0202603001164092,-0.015303894259472943,-0.010483108313503053,0.9098243617209109,0.9662623324559482,0.01815644446984285,-0.005229761684360965,1.0258949549319092,1.0184783734268732,-0.0015482638340783249,4.816875231820894e-05,0.13509216904640198,2823.804,0.08349,48,0.7868243657045918,ood:cond:pp:2823.8 outside [505.725,2097.14]
0.0,0.6478155937006749,10.236661911010742,1.0000193949732619,1.0958154572289014,-0.001581092103690937,0.013365449192761902,0.9899816385515304,0.9366639540958202,0.01661120586479774,-0.015395837157151333,1.0273213179669245,0.9237158015681343,-0.005695938858932754,0.01725269791914762,0.9039281592064691,0.9811720003466583,0.011710509419597639,0.016441861778297272,0.9179734313623497,0.9636422272253133,-0.014564443877204413,0.0014743993687739362,0.9414772755838401,0.9941603244199724,-0.015508978936274027,6.699687486281039e-05,0.13489925861358643,2823.804,0.08349,49,0.7827041084545201,ood:cond:pp:2823.8 outside [505.725,2097.14]
0.0,0.6448232078377212,10.206709861755371,0.9022614736969565,0.9754304504307038,-0.0016892249132781992,0.0023182992588901864,0.9206910892194324,0.9806939750325109,-0.008003049210732093,0.01925802287326005,0.951604851175212,0.97865008170854,-0.012482845855894997,-0.01395349959365904,0.9764051332558665,1.0655502978334521,0.0072293007449101,0.012921866658705341,1.0352981353267687,0.9706957998113129,-0.004632405060882583,-0.01670004223309289,0.9410997967078644,0.907453208580117,-0.007888234452672501,-0.010179779530997917,0.1326620876789093,2823.804,0.08349,50,0.7895799889804075,ood:cond:pp:2823.8 outside [505.725,2097.14]
0.0,0.6524739716568863,10.081472396850586,0.9123416036581444,0.9719552945821067,-0.006700269471258324,-0.007848271805804958,0.9998991301478619,1.040207562264061,-0.015998784574676485,0.019301027276490672,0.9515817437158982,0.9919361828705147,0.002970906593480791,0.016592171578792708,0.9231399761337951,1.0087745620743878,0.009330903915454821,-0.009495053980115893,0.9580551036312036,0.9942219896368184,0.015590825415917508,0.010906625026868767,1.0934082038452235,1.030406426270802,-0.006315400013224988,0.01994861849855618,0.13360580801963806,2823.804,0.08349,51,0.7938535995476217,ood:cond:pp:2823.8 outside [505.725,2097.14]
0.0,0.647836938929128,10.238458633422852,0.9613947298876336,0.9139909734878342,-0.00335923388665171,0.01965927169277062,1.0261653023690478,0.9823377727802819,-0.012155466462265832,-0.004725030861462268,1.0468221758743508,0.9081186648713077,-0.007560830382847295,-0.018144810973146415,1.0692157905234523,0.9971098840531082,0.014568367090052135,0.019264788230453928,1.0761267825997276,0.9590343997725022,0.0016181243819475277,-0.008635583329965382,0.9146903446463842,1.065549397711258,0.0006165735093137947,-0.006168861200395819,0.13429147005081177,2823.804,0.08349,52,0.7835738191929669,ood:cond:pp:2823.8 outside [505.725,2097.14]
0.0,0.6504921179258242,10.190603256225586,0.9713718873503152,0.9312094807623554,0.01024072082581997,-0.010634078580868147,1.0294637121550443,1.0821528535787208,-0.006082727651764781,0.007667896829222812,1.0722393510012243,0.9773772894434876,-0.003505454767003636,-0.005338641286532705,0.9059731089669928,0.942614854232697,-0.014171157235167767,0.0017883162717701323,0.9794432604139349,1.0842212726475953,-0.015400443528116363,-0.009595420757222719,0.9752943731378568,1.0829973931608123,-0.019884272687472046,-0.016856615167187533,0.1340905725955963,2823.804,0.08349,53,0.7967691311226979,ood:cond:pp:2823.8 outside [505.725,2097.14]
0.0,0.6548481220510174,10.218192100524902,0.9031630852028563,1.094096157408464,-0.005532121101493504,0.0002623000056388991,1.0239073444564153,1.0341259190659096,0.00743337977255468,0.0009822709933599467,1.0446601500589079,0.9819722613191078,-0.0007603274971086163,-0.0003244511703114697,0.9957855465781664,1.0488106887715227,-0.010194425746852805,0.007318030480774201,0.9440974166852967,1.0558162883512991,0.011984724696696428,-0.014587213352893365,0.9078516356590557,0.9405488314292859,-0.0160013280110875,0.016258114033211344,0.1353471428155899,2823.804,0.08349,54,0.7895525216102973,ood:cond:pp:2823.8 outside [505.725,2097.14]
0.0,0.6483801294857092,10.093424797058105,1.0875556970885878,0.9579599771825864,0.011217551952995494,-0.0191890021975099,1.0240329339750258,0.9247127905526615,0.007969358095366738,-0.008939175098939467,1.0180237786814623,0.9970741436305643,0.019095476469290554,-0.011611703677590835,0.98219602173388,1.0883287323574666,0.011882151127994855,-0.001147283875835653,0.9942909164098168,0.9454310942859181,0.018864538220772966,-0.013015640236521585,0.989105119262915,1.042743267129512,-0.009795165541053015,-0.015833984554892187,0.13484975695610046,2823.804,0.08349,55,0.7853841554618557,ood:cond:pp:2823.8 outside [505.725,2097.14]
0.0,0.6467573921942591,10.156879425048828,1.0306666735791725,1.0696521065001359,-0.007226525544242822,-0.01866846395605228,0.9281828346722611,0.9424933843720515,-0.01654489507638178,-0.0033560156569622385,0.9727110052863491,1.0320019292104214,-0.014735430298515673,-0.005816339424948769,1.0521917698793153,1.0259361725341043,0.007605190854083732,-0.013951620676365729,1.0110555023728958,0.9099944931801137,-0.013306377479297714,-0.0018475405226622103,1.033228172402798,1.000413110605505,0.004321609882351113,-0.019088870919655748,0.13391739130020142,2823.804,0.08349,56,0.7884562295432445,ood:cond:pp:2823.8 outside [505.725,2097.14]
0.0,0.65248891791392,10.150358200073242,1.0903541799760452,1.0077866356638396,-0.006079259455368677,-0.013873032153625352,1.0506590744095918,0.9643585146377561,-0.01783205813220972,-0.004059547077142046,1.0889351185743437,0.9299542561643097,-0.004113842358334837,0.012330883232274863,0.9280851504551989,1.080456192899131,-0.00582406943740812,-0.0008116960098833031,1.064471192862543,0.9365558427135237,0.008465156410593422,-0.016475493112588994,1.0987579594805266,1.015760845462875,0.0059594171751973235,-0.007184197844361067,0.13464926183223724,2823.804,0.08349,57,0.7923759494483398,ood:cond:pp:2823.8 outside [505.725,2097.14]
0.0,0.6496682025184622,10.17524242401123,0.9845917942719766,1.07413451996068,-0.005858712756415798,-0.016432589859840207,1.0787271536689431,1.0665814065137549,-0.002152419325427951,-0.017985992044886535,0.9475102592668944,1.0089272493920975,0.009555570299814277,-0.0017023039719685946,1.0652792059851268,1.0519311254864967,0.016513966347390083,0.007016269649476013,0.9761949183362478,1.0411646157175403,-0.019829017124505407,-0.01812103579992424,1.0278025864458498,1.0134135556575237,-0.019949889233533552,0.00015840715677158113,0.13483569025993347,2823.804,0.08349,58,0.7865127473480185,ood:cond:pp:2823.8 outside [505.725,2097.14]
0.0,0.6445743374182343,10.207457542419434,0.935996439613933,1.0820955231962228,-0.002126792093454316,-0.01774607925065011,0.9568882915666417,1.0728526389163013,0.009534819792584241,-0.005417717427756413,0.9651889592578287,0.9734550944723568,0.011434505253201967,-0.014536138747516705,0.9541324787847433,0.9540622845623914,0.007634993086997329,-0.010147787645650505,1.0027863905727257,1.0732931940885668,-0.017814156807843547,0.010540453855785895,1.0466694624541657,0.9349675862577108,0.006432243765930951,-0.0059763822515035425,0.134181946516037,2823.804,0.08349,59,0.7833946681462689,ood:cond:pp:2823.8 outside [505.725,2097.14]
0.0,0.6514501329059067,10.209163665771484,0.9506525208874409,1.063343105776941,-0.014602968401265279,-0.012220295846381455,1.0125821983018308,1.0152497249860823,0.0025226791136618715,-0.011144733030556297,1.0786049637841268,1.0561293986652593,-0.0015918994813983421,-0.0005765707403694136,0.9559837799549858,0.970139038219459,0.002928352057329886,-0.0037914660417929062,1.0297593307109618,0.967350846856545,-0.0019904529659716987,-0.009567325224476555,1.010752671239492,0.9349226670152901,0.003256149000942909,0.01904209991290005,0.13522356748580933,2823.804,0.08349,60,0.7847358050513258,ood:cond:pp:2823.8 outside [505.725,2097.14]
0.0,0.6556603634441411,10.044840812683105,1.0437971311269187,1.0328306804583505,0.009895448784783968,-0.01727066457506227,1.0700868683461364,0.9474258115400948,-0.013518457328253377,9.413965627639437e-05,0.9023387962594033,0.9095931490100458,0.01819378129300463,0.0069114561442053385,0.9141263412080326,1.0550953315501554,0.0019077418462783713,-0.01663229122981432,0.9319753339234313,1.009858673139766,0.01928966720891379,-0.005268515339860226,1.077228268970287,0.9943791793610107,-0.013275601502433747,0.0056753006870754324,0.13503269851207733,2823.804,0.08349,61,0.7953047054366692,ood:cond:pp:2823.8 outside [505.725,2097.14]
0.0,0.6474557681686909,10.199056625366211,1.0104368099078147,0.9492889631229611,-0.006359453683428584,-0.012822283324340749,0.9358167172191141,1.0123866466143259,-0.011544717422800607,0.010310891671494106,1.0689899194962749,1.0802513517396164,0.007433408437793415,-0.006402782319580651,0.9654312625797331,1.0707835527698675,0.01141083966476632,0.013532385626031578,1.0580087177253834,1.0782724039753768,-0.016422196063725792,-0.013570405482499003,0.9114151871827257,1.017932988163931,-0.0006209012237251427,0.018224520586376535,0.13264714181423187,2823.804,0.08349,62,0.7917079996943982,ood:cond:pp:2823.8 outside [505.725,2097.14]
0.0,0.6479733068706465,10.296187400817871,0.9090364646835063,1.0832120790076405,-0.018526853450327688,0.009378996838185539,0.9733300772387995,0.9830652013929044,0.002728162518885767,0.0069403906894235715,0.9431625483383174,0.9336557476577652,-0.0024292752257681315,-0.011469584768325044,0.9763054990878696,0.959126831530378,-0.0020628237235212933,0.01947566856589195,0.9633011221450367,0.9493339575644205,-0.013374729288032627,-0.01835756212541863,1.0201285599721186,1.0340571653464328,-0.00710212643976417,0.016203228229739495,0.13395199179649353,2823.804,0.08349,63,0.7854370248038052,ood:cond:pp:2823.8 outside [505.725,2097.14]
0.0,0.6482492969169735,10.222956657409668,1.088331553061295,0.9237147969210893,0.0023153975979581763,-0.012113152391468431,1.0625866974906413,1.0321664601348106,0.007903767171396816,-0.006570426983441902,1.0653679339032975,0.9826373913821894,-0.00017285173001734336,-0.004600334645662745,0.9374898235512895,0.9464390091496128,-0.006492492602642943,-0.0024078281648605183,1.0505667461631447,0.908496365211211,-0.012109224215648804,-0.009378082448249834,1.0467041484803936,0.9484767607907368,0.004333398011503897,-0.00033660942337750827,0.13456270098686218,2823.804,0.08349,64,0.7877895988247494,ood:cond:pp:2823.8 outside [505.725,2097.14]
0.0,0.6567777065843516,10.175056457519531,1.0942587676719726,1.0043497914230228,0.013639506188508375,0.018019995665081712,1.051194446054236,1.091723360616893,-0.0026502551928262903,-0.015726165522182957,1.0319269501762185,0.9270956964017407,0.006794766378259341,-0.01315971550142399,0.9059274431287732,1.0314291013836123,-0.018485657723550403,0.010584736934934409,0.9497615554562856,1.0912100809147782,0.019732792410081707,-0.0011356051496963157,0.954436454950027,1.0255251600446178,-0.01373006350732818,0.004309640747511882,0.13668221235275269,2823.804,0.08349,65,0.7946436027866123,ood:cond:pp:2823.8 outside [505.725,2097.14]
0.0,0.6513388716531348,10.183587074279785,1.0013645703580465,1.020420563517191,0.0013006145268997897,0.004778492714132564,0.9271559145733114,0.9849216611605124,-0.009654060817361244,-0.010766054921175746,0.9908429909176404,0.9196432315339291,0.00877010186339771,0.0165129227766698,0.9156125425618654,1.0100567901522826,0.019786104585315534,-0.013455201106701078,1.0365856936504283,1.0674446374161415,-0.01127051761535269,-0.0182564698306887,1.060292391561394,1.0362789633956473,-0.01872383612971367,-0.01346263672977369,0.1353067010641098,2823.804,0.08349,66,0.7823136955591857,ood:cond:pp:2823.8 outside [505.725,2097.14]
0.0,0.6511005557875917,10.222323417663574,0.9943351800990008,1.0940761825152812,-0.010108127305576517,-0.006944643636820857,1.0771442409838836,1.0137996985966333,0.018050117610086274,-0.018085401121166474,0.9856683285771953,1.003955853840242,-0.004075819043378809,0.0037658879329484987,1.0793940451951132,1.0150595753106888,0.0006725304908600654,-0.01147674206635394,1.0316931287649564,0.9525399629061166,-0.018500691491275544,0.012726440597490247,0.9775877283134923,1.0398463700091196,-0.013997222918982196,0.01372007049808702,0.13620704412460327,2823.804,0.08349,67,0.7840554912139883,ood:cond:pp:2823.8 outside [505.725,2097.14]
0.0,0.6529829443222441,10.191756248474121,1.0799431384861615,0.966764537102121,-0.010082978406116477,0.019044473901609963,0.908083849051323,0.974161100797733,-0.015903515073404942,-0.004306926375486981,0.9997857076827141,0.9692487839921617,0.004619573362860025,-0.019201402383113412,0.9490805375209407,0.9599936688618349,0.0030074066211045677,-0.017486505730877195,0.9123142175750837,0.9061043685219154,0.01647567708427212,0.004172597421441101,0.9377202173141966,1.0544163884782654,-0.01005644003875184,-0.011552060557952975,0.13660192489624023,2823.804,0.08349,68,0.7830954745321136,ood:cond:pp:2823.8 outside [505.725,2097.14]
0.0,0.6441662156847205,10.199313163757324,0.922255799578961,1.086266845341413,0.012929842116792368,0.005490327527538436,1.000487744363961,0.9401120895861487,0.008507965024830776,0.014866558331001038,1.0733878609675187,1.0246283396714642,0.019344133183343454,-0.012154732709516374,1.0588588892477537,0.9275834544296179,-0.005319935060146816,-0.006348377049104115,0.9163724815130293,1.0817156701379298,-0.0032507550174670496,0.019968711385058253,1.0995738259716505,0.9077822182374635,0.012030537462474077,-0.007546006791637146,0.1335465908050537,2823.804,0.08349,69,0.7871539403740696,ood:cond:pp:2823.8 outside [505.725,2097.14]
0.0,0.6510003200509197,10.29967212677002,0.9389872500587996,1.026503822017468,0.0068462138990968945,0.012197689602314894,1.0563444899539236,1.001277628857673,0.011162659502579095,-0.01708092831117645,1.0893148967165083,0.9347568000226085,-0.007222336227145965,-0.012219588183633317,0.9558732329650034,0.9216811570912026,-0.010502025899508358,-0.018227364195516113,0.9814676401655872,1.0871357530264458,-0.009556057020752374,-0.0037565481289486176,1.0474087418857196,0.9870430869960825,0.003009339303047788,-0.009012500816198954,0.1364378184080124,2823.804,0.08349,70,0.7821173045526078,ood:cond:pp:2823.8 outside [505.725,2097.14]
0.0,0.6471290302965821,10.193572044372559,1.0216624487965429,1.064902380465149,-0.006852817183913925,-0.0033208909606212388,1.066922895430197,0.9118754450241774,-0.009651100888614593,0.009301142547872308,1.0763355713140672,1.0179784828900529,-0.007268758189748184,0.002488590887730284,1.0204845171435375,0.9900455101675604,0.005619265587158237,0.004348125419731789,0.9846957402776316,0.9629563405717587,-0.00021200232101565783,-0.005045928281557824,1.0757461296794306,1.0989629556578524,0.01387857834796587,0.00701063057116252,0.133013054728508,2823.804,0.08349,71,0.7885145946550931,ood:cond:pp:2823.8 outside [505.725,2097.14]
0.0,0.6509101210013729,10.26909351348877,0.9508281400465083,0.9995585492118167,0.007886340559404178,0.0170933821543524,0.9524163737338153,1.017711332168859,0.0013563119026959967,-0.00709873523562584,0.9907086271942585,1.095366299665019,-0.013654092839672356,-0.011688923343624152,1.0489285769850771,1.0317930575477454,-0.004431890558995968,-0.004512082291759319,1.0116894273473287,0.9303494844520601,0.0014571119627914825,0.0007781027072913949,0.9836020991354611,0.9237055349141434,0.015113491229632698,0.015261543604747439,0.13506832718849182,2823.804,0.08349,72,0.785140213899326,ood:cond:pp:2823.8 outside [505.725,2097.14]
0.0,0.6393473725926742,10.074044227600098,0.9568691078019604,0.9275306455708353,0.006259287587270866,-0.019286417821979582,1.051983946697326,0.9701820738481257,-0.0005507150799882038,0.017649616476963986,0.9516252810788841,0.9989183782489999,0.0026261656325308295,-0.015110429375987243,0.9808208702267917,0.9816907127920931,0.015955139471670512,0.01713622163869302,1.0240539772889217,0.9033421725739168,0.007589201438242842,0.014437502941190585,1.0688086004757504,0.9119025236166294,0.007187446813150703,-0.019465256653386737,0.13193833827972412,2823.804,0.08349,73,0.7925055649778643,ood:cond:pp:2823.8 outside [505.725,2097.14]
0.0,0.6481072907337824,10.25066089630127,1.0009600011826523,0.981079108046419,-0.011423050258890406,0.016331756548456897,0.9674010513983906,0.9952291122056772,-0.005964557204971986,0.012766964634587968,1.0541205191866965,1.035946249741389,-0.008558725232291238,0.007338644951467906,1.089467175658618,1.0307522953081532,0.015870170485712407,0.01223321232830121,1.099435060004619,0.9906499082557458,0.0010722401090489178,-0.015704765726160527,1.05520850304926,0.9430176430517082,-0.0007263024418865116,0.007825135803341064,0.13334247469902039,2823.804,0.08349,74,0.7829418328061266,ood:cond:pp:2823.8 outside [505.725,2097.14]
0.0,0.6505984101292364,10.238834381103516,1.0605432212184198,1.0147219207255198,-0.00495977672287133,-0.0030916907290738753,0.9705214417995999,0.988143359487871,0.012059452738758306,-0.002161223443257594,1.0009439718180797,0.9573261764432883,-0.005342468757793886,0.012026062960373934,1.028831928370716,1.0664003457913749,-0.00684037759686806,-0.013726427449434944,1.0972527468429112,0.9301375183733745,-0.006651768739983814,0.0030051864437897757,0.9813839945628073,1.0643184369140726,0.006322033144142373,0.018128331889474724,0.1350393295288086,2823.804,0.08349,75,0.7857382332565664,ood:cond:pp:2823.8 outside [505.725,2097.14]
0.0,0.6419941207956965,10.187992095947266,0.9864988054355665,0.9458586659200022,-0.001456815126481284,-0.019866326165237872,0.9580793848199409,0.9407711948720979,0.01802441145210912,0.019775911486655192,0.9081930518857791,1.0282311633507224,-0.015380060158783602,0.01899838278512186,0.9468356284124766,1.0456033601552037,0.01040250609966387,0.015135432341188252,1.080224291220347,0.9289087577669133,-0.012841547013154986,-8.361407927572409e-05,0.967150088611177,0.9254023863331444,0.004250110116470713,0.007978459369552701,0.1315775215625763,2823.804,0.08349,76,0.7896983939705983,ood:cond:pp:2823.8 outside [505.725,2097.14]
0.0,0.651265367859701,10.049287796020508,0.9013778233339388,0.919510625772149,0.018324104538314522,-0.015504886406681547,1.0040236150783377,0.924762194512238,-0.019732912952860743,-0.011767526918803619,0.9357764345816542,1.0501170168238771,0.009238497917403478,0.004125077431413146,1.0140443130422587,1.0843185526736676,0.015554011035751252,0.0001384841993354452,1.0588479356673304,0.9007597799832894,0.006871998192853401,-0.011597132754713418,0.9919313024976009,0.9610638256433535,-0.015805426845508116,-0.01833090891825947,0.1344291716814041,2823.804,0.08349,77,0.7944372884081675,ood:cond:pp:2823.8 outside [505.725,2097.14]
0.0,0.6476340821345585,10.177803039550781,0.9480247278875379,1.0387166860510275,-0.019627676786899945,0.0035293708910029108,0.9717696031997783,0.9119947961998174,-0.018103593330024738,0.016873244074389292,1.0743865781782358,1.0733366211756385,-0.01519301330592485,0.01527467168450029,0.939611026879415,0.9227027780731003,0.0035894278653296544,0.01464494761848963,1.079937354653232,0.9059757140868788,0.015923379869260474,-0.005309221357794143,0.9480907022849296,1.075300960260569,0.004221415295469547,-0.018524020127795304,0.13313615322113037,2823.804,0.08349,78,0.7891606482412676,ood:cond:pp:2823.8 outside [505.725,2097.14]
0.0,0.6539799801946075,10.208873748779297,1.076166172762,0.9079752966116412,-0.001754117475665326,-0.006160889037268391,0.9178310946051108,1.0344255651617784,-0.009740470400280584,-0.001322980884039343,1.0746129227480585,0.9057552452132269,-0.019198527834321327,-0.012719010933728417,0.986425726740299,1.0684670481553202,-0.016927233049062424,-0.0004065574861000648,1.0466310588130752,1.0576030836488368,-0.00443467606015663,-0.00614699242920309,0.9414190589281266,1.055400284462098,-0.009587027356526279,0.009750916655620664,0.1349204033613205,2823.804,0.08349,79,0.7958207729255391,ood:cond:pp:2823.8 outside [505.725,2097.14]
